已清项目/未清项目符号,总账科目,总账科目长文本,冲销科目记帐,凭证类型,凭证编号,物料,行项目,过账日期,凭证日期,借/贷标识,过账码,业务范围,业务部门描述,本币金额,本币,以凭证货币计的金额,凭证货币,税码,业务地点,文本,客户,供应商,贸易伙伴名,税号 2,成本中心,名称,订单,分配,参考代码 1,参考代码 2,参考码3,清帐日期,清帐凭证,冲销科目类型
,21051109,其他应付款_一般,55210121,K1,3400002912,,1,2025/12/29,2025/12/17,H,31,1000,fashion common,"-6,911.88",CNY,"-6,911.88",CNY,V4,8000,单号： DGFK-202512170174——事由：大型FO旗舰店库存抽查管理，申请第三方公司 审计,,8100711,艾捷是（上海）商务服务有限公司,,,,,V0783,,,,,,
,,,,,,,,,,,,,,"-6,911.88",CNY,,,,,,,,艾捷是（上海）商务服务有限公司,,,,,,,,,,,
,21051109,其他应付款_一般,55210121,K1,3400002841,,1,2025/12/25,2025/12/25,H,31,1000,fashion common,"-96,091.65",CNY,"-96,091.65",CNY,V4,8000,单号： DGFK-202512250266——FY25 预审审计费用,,8100796,安永华明会计师事务所（特殊普通合伙）上海分所,,,,,V0841,,,,,,
,,,,,,,,,,,,,,"-96,091.65",CNY,,,,,,,,安永华明会计师事务所（特殊普通合伙）上海分所,,,,,,,,,,,
,21051109,其他应付款_一般,55210139,K1,3400002691,,1,2025/11/27,2025/11/17,H,31,1000,fashion common,"-2,928,471.58",CNY,"-2,928,471.58",CNY,V4,8000,单号： DGFK-202511170160——Dear All， 附件为宝尊2025年10月仓库费用,,8100160,宝通易捷智能科技（苏州）有限公司,,,,,00062,,,,,,
,21051109,其他应付款_一般,55210139,K1,3400002968,,1,2025/12/31,2025/12/12,H,31,1000,fashion common,"-2,303,204.85",CNY,"-2,303,204.85",CNY,V4,8000,单号： DGFK-202512120131——Dear All， 附件为宝尊2025年11月仓库费用,,8100160,宝通易捷智能科技（苏州）有限公司,,,,,00062,,,,,,
,,,,,,,,,,,,,,"-5,231,676.43",CNY,,,,,,,,宝通易捷智能科技（苏州）有限公司,,,,,,,,,,,
,21051109,其他应付款_一般,55170103,K1,3400002868,,1,2025/12/29,2025/12/17,H,31,1000,fashion common,"-94,500.00",CNY,"-94,500.00",CNY,V4,8000,单号： DGFK-202512180186——DX WINTER CAMPAIGN OOH - CH,,8100795,北京迪岸天空广告有限公司,,,,,V0866,,,,,,
,,,,,,,,,,,,,,"-94,500.00",CNY,,,,,,,,北京迪岸天空广告有限公司,,,,,,,,,,,
,21051109,其他应付款_一般,55170103,K1,3400002885,,1,2025/12/29,2025/12/22,H,31,1000,fashion common,"-60,000.00",CNY,"-60,000.00",CNY,V4,8000,单号： DGFK-202512220209——刘轩丞拍摄-DISCOVERY品牌 25 winter,,8100184,北京赫斯特广告有限公司上海分公司,,,,,CU0537,,,,,,
,,,,,,,,,,,,,,"-60,000.00",CNY,,,,,,,,北京赫斯特广告有限公司上海分公司,,,,,,,,,,,
,21051109,其他应付款_一般,55110103,K1,3400002959,,1,2025/12/31,2025/12/17,H,31,1000,fashion common,"-4,197.50",CNY,"-4,197.50",CNY,V1,8000,单号： DGFK-202512170170——Dear all，  以上是2025年MLB直营店港汇,,8100623,北京精冠科技有限公司,,,,,V0684,,,,,,
,,,,,,,,,,,,,,"-4,197.50",CNY,,,,,,,,北京精冠科技有限公司,,,,,,,,,,,
,21051109,其他应付款_一般,55210121,K1,3400002830,,1,2025/12/25,2025/12/11,H,31,1000,fashion common,"-5,798.20",CNY,"-5,798.20",CNY,V4,8000,单号： DGFK-202512110122——2025年11月派德铭SP商标费用,,8100465,北京派德铭知识产权代理有限公司,,,,,V0544,,,,,,
,,,,,,,,,,,,,,"-5,798.20",CNY,,,,,,,,北京派德铭知识产权代理有限公司,,,,,,,,,,,
,21051109,其他应付款_一般,55170103,K1,3400002666,,1,2025/11/27,2025/11/21,H,31,1000,fashion common,"-636,000.00",CNY,"-636,000.00",CNY,V4,8000,单号： DGFK-202511210234—— CODE:A25-410 25Q4 Media Sh,,8100621,北京仕道嘉人传媒有限公司,,,,,CU0534,,,,,,
,,,,,,,,,,,,,,"-636,000.00",CNY,,,,,,,,北京仕道嘉人传媒有限公司,,,,,,,,,,,
,21051109,其他应付款_一般,55210121,K1,3400002831,,1,2025/12/25,2025/12/9,H,31,1000,fashion common,-500.00,CNY,-500.00,CNY,V4,8000,单号： DGFK-202512090095——2025年11月集佳Discovery商标费用,,8100494,北京市集佳律师事务所,,,,,V0570,,,,,,
,,,,,,,,,,,,,,-500.00,CNY,,,,,,,,北京市集佳律师事务所,,,,,,,,,,,
,21051109,其他应付款_一般,55210121,K1,3400002843,,1,2025/12/25,2025/12/5,H,31,1000,fashion common,"-5,499.00",CNY,"-5,499.00",CNY,V4,8000,单号： DGFK-202512090098——金额：5499元（含税6%） 支付时间：收到发票后60,,8100030,北京威科亚太信息技术有限公司,,,,,CU0404,,,,,,
,,,,,,,,,,,,,,"-5,499.00",CNY,,,,,,,,北京威科亚太信息技术有限公司,,,,,,,,,,,
,21051109,其他应付款_一般,55170103,K1,3400002891,,1,2025/12/29,2025/12/1,H,31,1000,fashion common,"-222,600.00",CNY,"-222,600.00",CNY,V4,8000,单号： DGFK-202512010009——A25-214  25FW CAP CAMPAIGN,,8100569,北京微梦传媒股份有限公司,,,,,V0636,,,,,,
,21051109,其他应付款_一般,55170103,K1,3400002916,,1,2025/12/29,2025/12/10,H,31,1000,fashion common,"-742,000.00",CNY,"-742,000.00",CNY,V4,8000,单号： DGFK-202512100111——A25-210   MLB 25FW WJ Influ,,8100569,北京微梦传媒股份有限公司,,,,,V0636,,,,,,
,21051109,其他应付款_一般,55170103,K1,3400002924,,1,2025/12/29,2025/12/1,H,31,1000,fashion common,"-710,200.00",CNY,"-710,200.00",CNY,V4,8000,单号： DGFK-202512010006——A25-213 25FW SHOES CAMPAIGN,,8100569,北京微梦传媒股份有限公司,,,,,V0636,,,,,,
,21051109,其他应付款_一般,55170103,K1,3400002931,,1,2025/12/29,2025/12/2,H,31,1000,fashion common,"-371,000.00",CNY,"-371,000.00",CNY,V4,8000,单号： DGFK-202512020024——A25-211   MLB 25FW VINTAGE,,8100569,北京微梦传媒股份有限公司,,,,,V0636,,,,,,
,,,,,,,,,,,,,,"-2,045,800.00",CNY,,,,,,,,北京微梦传媒股份有限公司,,,,,,,,,,,
,21051109,其他应付款_一般,55210121,K1,3400002913,,1,2025/12/29,2025/12/22,H,31,1000,fashion common,-67.00,CNY,-67.00,CNY,V4,8000,单号： DGFK-202512220225——北京鑫聚盛业-11月微商城销售分佣,,8000183,北京鑫聚盛业服装服饰有限公司,,,,,D049,,,,2026/1/9,7000000013,
,,,,,,,,,,,,,,-67.00,CNY,,,,,,,,北京鑫聚盛业服装服饰有限公司,,,,,,,,,,,
,21051109,其他应付款_一般,55210121,K1,3400002862,,1,2025/12/26,2025/12/22,H,31,1000,fashion common,-285.00,CNY,-285.00,CNY,V4,8000,单号： DGFK-202512220223——常春藤-11月微商城销售分佣,,8000003,常春藤(广州)投资有限公司,,,,,D027,,,,2026/1/9,7000000003,
,,,,,,,,,,,,,,-285.00,CNY,,,,,,,,常春藤(广州)投资有限公司,,,,,,,,,,,
,21051109,其他应付款_一般,55210121,K1,3400002864,,1,2025/12/26,2025/12/22,H,31,1000,fashion common,"-7,769.00",CNY,"-7,769.00",CNY,V4,8000,单号： DGFK-202512220220——成都宝康-11月微商城销售分佣,,8000009,成都市宝康服饰商贸有限公司,,,,,D011,,,,2026/1/9,7000000007,
,,,,,,,,,,,,,,"-7,769.00",CNY,,,,,,,,成都市宝康服饰商贸有限公司,,,,,,,,,,,
,21051109,其他应付款_一般,55210121,K1,3400002851,,1,2025/12/26,2025/12/22,H,31,1000,fashion common,-60.00,CNY,-60.00,CNY,V4,8000,单号： DGFK-202512220229——重庆渲格-11月微商城销售分佣,,8000006,重庆渲格商贸有限公司,,,,,D014,,,,2026/1/9,7000000005,
,,,,,,,,,,,,,,-60.00,CNY,,,,,,,,重庆渲格商贸有限公司,,,,,,,,,,,
,21051109,其他应付款_一般,8000076,SA,1100001501,,36,2025/2/28,2025/2/28,S,21,1000,fashion common,"2,058,065.82",CNY,"2,058,065.82",CNY,,8000,调整VENDOR,,8000076,丰梵总部供应商,,,,,CN998,,,,,,
,21051109,其他应付款_一般,8000076,SA,1100001501,,37,2025/2/28,2025/2/28,S,21,1000,fashion common,"8,383.56",CNY,"8,383.56",CNY,,8000,调整信用证手续费202303（CNY：170000000）,,8000076,丰梵总部供应商,,,,,CN998,,,,,,
,21051109,其他应付款_一般,8000076,SA,1100001501,,134,2025/2/28,2025/2/28,H,31,1000,fashion common,"-61,150.68",CNY,"-61,150.68",CNY,,8000,计提信用证手续费202410（CNY：1.2亿）新韩连带保证金,,8000076,丰梵总部供应商,,,,,CN998,,,,,,
,21051109,其他应付款_一般,8000076,SA,1100001501,,135,2025/2/28,2025/2/28,H,31,1000,fashion common,"-40,767.12",CNY,"-40,767.12",CNY,,8000,计提信用证手续费20241001-20241031（CNY：8kw）国民,,8000076,丰梵总部供应商,,,,,CN998,,,,,,
,21051109,其他应付款_一般,8000076,SA,1100001501,,136,2025/2/28,2025/2/28,H,31,1000,fashion common,"-59,178.08",CNY,"-59,178.08",CNY,,8000,计提信用证手续费202410（CNY：1.2亿）新韩连带保证金,,8000076,丰梵总部供应商,,,,,CN998,,,,,,
,21051109,其他应付款_一般,8000076,SA,1100001501,,138,2025/2/28,2025/2/28,H,31,1000,fashion common,"-10,191.78",CNY,"-10,191.78",CNY,,8000,计提信用证手续费20240927-20240930（CNY：2kw）新韩,,8000076,丰梵总部供应商,,,,,CN998,,,,,,
,21051109,其他应付款_一般,8000076,SA,1100001501,,139,2025/2/28,2025/2/28,H,31,1000,fashion common,"-2,958.90",CNY,"-2,958.90",CNY,,8000,计提信用证手续费20241029-20241031（CNY：6kw）新韩,,8000076,丰梵总部供应商,,,,,CN998,,,,,,
,21051109,其他应付款_一般,8000076,SA,1100001501,,140,2025/2/28,2025/2/28,H,31,1000,fashion common,"-27,616.44",CNY,"-27,616.44",CNY,,8000,计提信用证手续费20241001-20241028（CNY：6kw）新韩,,8000076,丰梵总部供应商,,,,,CN998,,,,,,
,21051109,其他应付款_一般,8000076,SA,1100001501,,142,2025/2/28,2025/2/28,H,31,1000,fashion common,"-29,589.04",CNY,"-29,589.04",CNY,,8000,计提信用证手续费20241101-20241130（CNY：6kw）新韩,,8000076,丰梵总部供应商,,,,,CN998,,,,,,
,21051109,其他应付款_一般,8000076,SA,1100001501,,143,2025/2/28,2025/2/28,H,31,1000,fashion common,"-9,863.01",CNY,"-9,863.01",CNY,,8000,计提信用证手续费20241101-20241130（CNY：2kw）新韩,,8000076,丰梵总部供应商,,,,,CN998,,,,,,
,21051109,其他应付款_一般,8000076,SA,1100001501,,144,2025/2/28,2025/2/28,H,31,1000,fashion common,"-39,452.05",CNY,"-39,452.05",CNY,,8000,计提信用证手续费20241101-20241130（CNY：8kw）国民,,8000076,丰梵总部供应商,,,,,CN998,,,,,,
,21051109,其他应付款_一般,8000076,SA,1100001501,,145,2025/2/28,2025/2/28,H,31,1000,fashion common,"-5,424.66",CNY,"-5,424.66",CNY,,8000,计提信用证手续费20241128-20241130（CNY：1.1亿）产业,,8000076,丰梵总部供应商,,,,,CN998,,,,,,
,21051109,其他应付款_一般,8000076,SA,1100001501,,146,2025/2/28,2025/2/28,H,31,1000,fashion common,"-61,150.68",CNY,"-61,150.68",CNY,,8000,计提信用证手续费202411（CNY：1.2亿）新韩连带保证金,,8000076,丰梵总部供应商,,,,,CN998,,,,,,
,21051109,其他应付款_一般,8000076,SA,1100001501,,148,2025/2/28,2025/2/28,H,31,1000,fashion common,"-30,575.34",CNY,"-30,575.34",CNY,,8000,计提信用证手续费20241201-20241231（CNY：6kw）新韩,,8000076,丰梵总部供应商,,,,,CN998,,,,,,
,21051109,其他应付款_一般,8000076,SA,1100001501,,149,2025/2/28,2025/2/28,H,31,1000,fashion common,"-10,191.78",CNY,"-10,191.78",CNY,,8000,计提信用证手续费20241201-20241231（CNY：2kw）新韩,,8000076,丰梵总部供应商,,,,,CN998,,,,,,
,21051109,其他应付款_一般,8000076,SA,1100001501,,150,2025/2/28,2025/2/28,H,31,1000,fashion common,"-5,260.27",CNY,"-5,260.27",CNY,,8000,计提信用证手续费20240927-20240930（CNY：8kw）国民,,8000076,丰梵总部供应商,,,,,CN998,,,,,,
,21051109,其他应付款_一般,8000076,SA,1100001501,,151,2025/2/28,2025/2/28,H,31,1000,fashion common,"-1,315.07",CNY,"-1,315.07",CNY,,8000,计提信用证手续费20240927-20240930（CNY：2kw）新韩,,8000076,丰梵总部供应商,,,,,CN998,,,,,,
,21051109,其他应付款_一般,8000076,SA,1100001501,,152,2025/2/28,2025/2/28,H,31,1000,fashion common,"-29,589.04",CNY,"-29,589.04",CNY,,8000,计提信用证手续费20240901-20240930（CNY：6kw）新韩,,8000076,丰梵总部供应商,,,,,CN998,,,,,,
,21051109,其他应付款_一般,8000076,SA,1100001501,,154,2025/2/28,2025/2/28,H,31,1000,fashion common,"-59,178.08",CNY,"-59,178.08",CNY,,8000,计提信用证手续费202409（CNY：1.2亿）新韩连带保证金,,8000076,丰梵总部供应商,,,,,CN998,,,,,,
,21051109,其他应付款_一般,8000076,SA,1100001501,,155,2025/2/28,2025/2/28,H,31,1000,fashion common,"-305,907.16",CNY,"-305,907.16",CNY,,8000,信用证手续费调整,,8000076,丰梵总部供应商,,,,,CN998,,,,,,
,21051109,其他应付款_一般,8000076,SA,1100001501,,157,2025/2/28,2025/2/28,H,31,1000,fashion common,"-50,958.90",CNY,"-50,958.90",CNY,,8000,计提信用证手续费202312（CNY：100000000）花旗,,8000076,丰梵总部供应商,,,,,CN998,,,,,,
,21051109,其他应付款_一般,8000076,SA,1100001501,,158,2025/2/28,2025/2/28,H,31,1000,fashion common,"-50,958.90",CNY,"-50,958.90",CNY,,8000,计提信用证手续费202312（CNY：100000000）国民,,8000076,丰梵总部供应商,,,,,CN998,,,,,,
,21051109,其他应付款_一般,8000076,SA,1100001501,,159,2025/2/28,2025/2/28,H,31,1000,fashion common,"-101,917.81",CNY,"-101,917.81",CNY,,8000,计提信用证手续费202312（CNY：200000000）韩国产业,,8000076,丰梵总部供应商,,,,,CN998,,,,,,
,21051109,其他应付款_一般,8000076,SA,1100001501,,160,2025/2/28,2025/2/28,H,31,1000,fashion common,"-35,671.23",CNY,"-35,671.23",CNY,,8000,计提信用证手续费202312（CNY：70000000）花旗,,8000076,丰梵总部供应商,,,,,CN998,,,,,,
,21051109,其他应付款_一般,8000076,SA,1100001501,,161,2025/2/28,2025/2/28,H,31,1000,fashion common,"-130,441.75",CNY,"-130,441.75",CNY,,8000,计提信用证手续费202312（USD：36000000）,,8000076,丰梵总部供应商,,,,,CN998,,,,,,
,21051109,其他应付款_一般,8000076,SA,1100001501,,162,2025/2/28,2025/2/28,H,31,1000,fashion common,"-86,630.14",CNY,"-86,630.14",CNY,,8000,计提信用证手续费202312（CNY：170000000）,,8000076,丰梵总部供应商,,,,,CN998,,,,,,
,21051109,其他应付款_一般,8000076,SA,1100001501,,163,2025/2/28,2025/2/28,H,31,1000,fashion common,"-31,226.51",CNY,"-31,226.51",CNY,,8000,计提信用证手续费202312（USD：8500000）,,8000076,丰梵总部供应商,,,,,CN998,,,,,,
,21051109,其他应付款_一般,8000076,SA,1100001501,,164,2025/2/28,2025/2/28,H,31,1000,fashion common,"-30,575.34",CNY,"-30,575.34",CNY,,8000,计提信用证手续费20240801-20240831（CNY：6kw）新韩,,8000076,丰梵总部供应商,,,,,CN998,,,,,,
,21051109,其他应付款_一般,8000076,SA,1100001501,,166,2025/2/28,2025/2/28,H,31,1000,fashion common,"-61,150.68",CNY,"-61,150.68",CNY,,8000,计提信用证手续费202408（CNY：1.2亿）新韩连带保证金,,8000076,丰梵总部供应商,,,,,CN998,,,,,,
,21051109,其他应付款_一般,8000076,SA,1100001501,,168,2025/2/28,2025/2/28,H,31,1000,fashion common,"-127,448.28",CNY,"-127,448.28",CNY,,8000,计提信用证手续费202309（USD：36000000）,,8000076,丰梵总部供应商,,,,,CN998,,,,,,
,21051109,其他应付款_一般,8000076,SA,1100001501,,169,2025/2/28,2025/2/28,H,31,1000,fashion common,"-5,753.42",CNY,"-5,753.42",CNY,,8000,计提信用证手续费202309（CNY：70000000）,,8000076,丰梵总部供应商,,,,,CN998,,,,,,
,21051109,其他应付款_一般,8000076,SA,1100001501,,170,2025/2/28,2025/2/28,H,31,1000,fashion common,"-83,835.62",CNY,"-83,835.62",CNY,,8000,计提信用证手续费202309（CNY：170000000）,,8000076,丰梵总部供应商,,,,,CN998,,,,,,
,21051109,其他应付款_一般,8000076,SA,1100001501,,171,2025/2/28,2025/2/28,H,31,1000,fashion common,"-30,509.90",CNY,"-30,509.90",CNY,,8000,计提信用证手续费202309（USD：8500000）,,8000076,丰梵总部供应商,,,,,CN998,,,,,,
,21051109,其他应付款_一般,8000076,SA,1100001501,,172,2025/2/28,2025/2/28,H,31,1000,fashion common,"-16,438.36",CNY,"-16,438.36",CNY,,8000,计提信用证手续费202309（CNY：200000000）,,8000076,丰梵总部供应商,,,,,CN998,,,,,,
,21051109,其他应付款_一般,8000076,SA,1100001501,,173,2025/2/28,2025/2/28,H,31,1000,fashion common,"-130,770.13",CNY,"-130,770.13",CNY,,8000,计提信用证手续费202308（USD：36000000）,,8000076,丰梵总部供应商,,,,,CN998,,,,,,
,21051109,其他应付款_一般,8000076,SA,1100001501,,174,2025/2/28,2025/2/28,H,31,1000,fashion common,"-86,630.14",CNY,"-86,630.14",CNY,,8000,计提信用证手续费202308（CNY：170000000）,,8000076,丰梵总部供应商,,,,,CN998,,,,,,
,21051109,其他应付款_一般,8000076,SA,1100001501,,175,2025/2/28,2025/2/28,H,31,1000,fashion common,"-31,305.12",CNY,"-31,305.12",CNY,,8000,计提信用证手续费202308（USD：8500000）,,8000076,丰梵总部供应商,,,,,CN998,,,,,,
,21051109,其他应付款_一般,8000076,SA,1100001501,,176,2025/2/28,2025/2/28,H,31,1000,fashion common,"-131,474.58",CNY,"-131,474.58",CNY,,8000,计提信用证手续费202307（USD：36000000）,,8000076,丰梵总部供应商,,,,,CN998,,,,,,
,21051109,其他应付款_一般,8000076,SA,1100001501,,177,2025/2/28,2025/2/28,H,31,1000,fashion common,"-86,630.14",CNY,"-86,630.14",CNY,,8000,计提信用证手续费202307（CNY：170000000）,,8000076,丰梵总部供应商,,,,,CN998,,,,,,
,21051109,其他应付款_一般,8000076,SA,1100001501,,178,2025/2/28,2025/2/28,H,31,1000,fashion common,"-31,473.76",CNY,"-31,473.76",CNY,,8000,计提信用证手续费202307（USD：8500000）,,8000076,丰梵总部供应商,,,,,CN998,,,,,,
,21051109,其他应付款_一般,8000076,SA,1100001501,,179,2025/2/28,2025/2/28,H,31,1000,fashion common,"-125,987.18",CNY,"-125,987.18",CNY,,8000,计提信用证手续费202306（USD：36000000）,,8000076,丰梵总部供应商,,,,,CN998,,,,,,
,21051109,其他应付款_一般,8000076,SA,1100001501,,180,2025/2/28,2025/2/28,H,31,1000,fashion common,"-83,835.62",CNY,"-83,835.62",CNY,,8000,计提信用证手续费202306（CNY：170000000）,,8000076,丰梵总部供应商,,,,,CN998,,,,,,
,21051109,其他应付款_一般,8000076,SA,1100001501,,181,2025/2/28,2025/2/28,H,31,1000,fashion common,"-30,160.13",CNY,"-30,160.13",CNY,,8000,计提信用证手续费202306（USD：8500000）,,8000076,丰梵总部供应商,,,,,CN998,,,,,,
,21051109,其他应付款_一般,8000076,SA,1100001501,,182,2025/2/28,2025/2/28,H,31,1000,fashion common,"-129,265.82",CNY,"-129,265.82",CNY,,8000,计提信用证手续费202305（USD：36000000）,,8000076,丰梵总部供应商,,,,,CN998,,,,,,
,21051109,其他应付款_一般,8000076,SA,1100001501,,183,2025/2/28,2025/2/28,H,31,1000,fashion common,"-86,630.14",CNY,"-86,630.14",CNY,,8000,计提信用证手续费202305（CNY：170000000）,,8000076,丰梵总部供应商,,,,,CN998,,,,,,
,21051109,其他应付款_一般,8000076,SA,1100001501,,184,2025/2/28,2025/2/28,H,31,1000,fashion common,"-30,945.00",CNY,"-30,945.00",CNY,,8000,计提信用证手续费202305（USD：8500000）,,8000076,丰梵总部供应商,,,,,CN998,,,,,,
,21051109,其他应付款_一般,8000076,SA,1100001501,,185,2025/2/28,2025/2/28,H,31,1000,fashion common,"-121,948.27",CNY,"-121,948.27",CNY,,8000,计提信用证手续费202304（USD：36000000）,,8000076,丰梵总部供应商,,,,,CN998,,,,,,
,21051109,其他应付款_一般,8000076,SA,1100001501,,186,2025/2/28,2025/2/28,H,31,1000,fashion common,"-83,835.62",CNY,"-83,835.62",CNY,,8000,计提信用证手续费202304（CNY：170000000）,,8000076,丰梵总部供应商,,,,,CN998,,,,,,
,21051109,其他应付款_一般,8000076,SA,1100001501,,187,2025/2/28,2025/2/28,H,31,1000,fashion common,"-29,193.25",CNY,"-29,193.25",CNY,,8000,计提信用证手续费202304（USD：8500000）,,8000076,丰梵总部供应商,,,,,CN998,,,,,,
,21051109,其他应付款_一般,8000076,SA,1100001501,,188,2025/2/28,2025/2/28,H,31,1000,fashion common,"-135,529.64",CNY,"-135,529.64",CNY,,8000,计提信用证手续费202303（USD：36000000）,,8000076,丰梵总部供应商,,,,,CN998,,,,,,
,21051109,其他应付款_一般,8000076,SA,1100001501,,189,2025/2/28,2025/2/28,H,31,1000,fashion common,"-86,630.14",CNY,"-86,630.14",CNY,,8000,计提信用证手续费202303（CNY：170000000）,,8000076,丰梵总部供应商,,,,,CN998,,,,,,
,21051109,其他应付款_一般,8000076,SA,1100001501,,190,2025/2/28,2025/2/28,H,31,1000,fashion common,"-30,478.17",CNY,"-30,478.17",CNY,,8000,计提信用证手续费202303（USD：8500000）,,8000076,丰梵总部供应商,,,,,CN998,,,,,,
,21051109,其他应付款_一般,8000076,SA,1100001501,,191,2025/2/28,2025/2/28,H,31,1000,fashion common,"-78,246.58",CNY,"-78,246.58",CNY,,8000,计提信用证手续费202302（CNY：170000000）,,8000076,丰梵总部供应商,,,,,CN998,,,,,,
,21051109,其他应付款_一般,8000076,SA,1100001501,,192,2025/2/28,2025/2/28,H,31,1000,fashion common,"-26,761.12",CNY,"-26,761.12",CNY,,8000,计提信用证手续费202302（USD：8500000）,,8000076,丰梵总部供应商,,,,,CN998,,,,,,
,21051109,其他应付款_一般,8000076,SA,1100001501,,194,2025/2/28,2025/2/28,H,31,1000,fashion common,"-59,178.08",CNY,"-59,178.08",CNY,,8000,计提信用证手续费202406（CNY：1.2亿）新韩连带保证金,,8000076,丰梵总部供应商,,,,,CN998,,,,,,
,21051109,其他应付款_一般,8000076,SA,1100001501,,195,2025/2/28,2025/2/28,H,31,1000,fashion common,"-86,630.14",CNY,"-86,630.14",CNY,,8000,计提信用证手续费202301（CNY：170000000）,,8000076,丰梵总部供应商,,,,,CN998,,,,,,
,21051109,其他应付款_一般,8000076,SA,1100001501,,196,2025/2/28,2025/2/28,H,31,1000,fashion common,"-30,290.20",CNY,"-30,290.20",CNY,,8000,计提信用证手续费202301（USD：8500000）,,8000076,丰梵总部供应商,,,,,CN998,,,,,,
,21051109,其他应付款_一般,8000076,SA,1100001501,,197,2025/2/28,2025/2/28,H,31,1000,fashion common,"-56,054.79",CNY,"-56,054.79",CNY,,8000,计提信用证手续费20241201-20241231（CNY：1.1亿）产业,,8000076,丰梵总部供应商,,,,,CN998,,,,,,
,21051109,其他应付款_一般,8000076,SA,1100001501,,198,2025/2/28,2025/2/28,H,31,1000,fashion common,"-3,287.67",CNY,"-3,287.67",CNY,,8000,计提信用证手续费20241227-20241231（CNY：4kw）国民,,8000076,丰梵总部供应商,,,,,CN998,,,,,,
,21051109,其他应付款_一般,8000076,SA,1100001501,,199,2025/2/28,2025/2/28,H,31,1000,fashion common,"-40,767.12",CNY,"-40,767.12",CNY,,8000,计提信用证手续费20241201-20241231（CNY：8kw）国民,,8000076,丰梵总部供应商,,,,,CN998,,,,,,
,21051109,其他应付款_一般,8000076,SA,1100001501,,202,2025/2/28,2025/2/28,H,31,1000,fashion common,"-50,630.14",CNY,"-50,630.14",CNY,,8000,计提信用证手续费20250201-20250228（CNY：1.1亿）产业,,8000076,丰梵总部供应商,,,,,CN998,,,,,,
,21051109,其他应付款_一般,8000076,SA,1100001501,,203,2025/2/28,2025/2/28,H,31,1000,fashion common,"-16,438.36",CNY,"-16,438.36",CNY,,8000,计提信用证手续费20250201-20250225（CNY：4kw）国民,,8000076,丰梵总部供应商,,,,,CN998,,,,,,
,21051109,其他应付款_一般,8000076,SA,1100001501,,204,2025/2/28,2025/2/28,H,31,1000,fashion common,"-32,876.71",CNY,"-32,876.71",CNY,,8000,计提信用证手续费20250201-20250225（CNY：8kw）国民,,8000076,丰梵总部供应商,,,,,CN998,,,,,,
,21051109,其他应付款_一般,8000076,SA,1100001501,,205,2025/2/28,2025/2/28,H,31,1000,fashion common,"-9,205.48",CNY,"-9,205.48",CNY,,8000,计提信用证手续费20250201-20250228（CNY：2kw）新韩,,8000076,丰梵总部供应商,,,,,CN998,,,,,,
,21051109,其他应付款_一般,8000076,SA,1100001501,,206,2025/2/28,2025/2/28,H,31,1000,fashion common,"-27,616.44",CNY,"-27,616.44",CNY,,8000,计提信用证手续费20250201-20250228（CNY：6kw）新韩,,8000076,丰梵总部供应商,,,,,CN998,,,,,,
,21051109,其他应付款_一般,8000076,SA,1100001501,,207,2025/2/28,2025/2/28,H,31,1000,fashion common,"-55,232.88",CNY,"-55,232.88",CNY,,8000,计提信用证手续费202502（CNY：1.2亿）新韩连带保证金,,8000076,丰梵总部供应商,,,,,CN998,,,,,,
,21051109,其他应付款_一般,8000076,SA,1100001501,,208,2025/2/28,2025/2/28,H,31,1000,fashion common,-0.02,CNY,-0.02,CNY,,8000,总部2023信用证尾差调整,,8000076,丰梵总部供应商,,,,,CN998,,,,,,
,21051109,其他应付款_一般,8000076,SA,1100001501,,210,2025/2/28,2025/2/28,H,31,1000,fashion common,"-6,246.58",CNY,"-6,246.58",CNY,,8000,计提信用证手续费20240201-20240219（CNY：2kw）国民,,8000076,丰梵总部供应商,,,,,CN998,,,,,,
,21051109,其他应付款_一般,8000076,SA,1100001501,,211,2025/2/28,2025/2/28,H,31,1000,fashion common,"-3,945.21",CNY,"-3,945.21",CNY,,8000,计提信用证手续费20240228--20240229（CNY：1.2亿）花旗,,8000076,丰梵总部供应商,,,,,CN998,,,,,,
,21051109,其他应付款_一般,8000076,SA,1100001501,,212,2025/2/28,2025/2/28,H,31,1000,fashion common,"-3,945.21",CNY,"-3,945.21",CNY,,8000,计提信用证手续费20240228--20240229（CNY：1.2亿）新韩,,8000076,丰梵总部供应商,,,,,CN998,,,,,,
,21051109,其他应付款_一般,8000076,SA,1100001501,,213,2025/2/28,2025/2/28,H,31,1000,fashion common,"-57,205.48",CNY,"-57,205.48",CNY,,8000,计提信用证手续费202402（CNY：1.2亿）新韩连带保证金,,8000076,丰梵总部供应商,,,,,CN998,,,,,,
,21051109,其他应付款_一般,8000076,SA,1100001501,,216,2025/2/28,2025/2/28,H,31,1000,fashion common,"-19,561.64",CNY,"-19,561.64",CNY,,8000,计提信用证手续费20240101-20240117（CNY：7kw）产业,,8000076,丰梵总部供应商,,,,,CN998,,,,,,
,21051109,其他应付款_一般,8000076,SA,1100001501,,217,2025/2/28,2025/2/28,H,31,1000,fashion common,"-18,867.92",CNY,"-18,867.92",CNY,,8000,计提2501SAP maintenance fee,,8000076,丰梵总部供应商,,,,,CN998,,,,,,
,21051109,其他应付款_一般,8000076,SA,1100001501,,219,2025/2/28,2025/2/28,H,31,1000,fashion common,"-56,054.79",CNY,"-56,054.79",CNY,,8000,计提信用证手续费20250101-20250131（CNY：1.1亿）产业,,8000076,丰梵总部供应商,,,,,CN998,,,,,,
,21051109,其他应付款_一般,8000076,SA,1100001501,,220,2025/2/28,2025/2/28,H,31,1000,fashion common,"-20,383.56",CNY,"-20,383.56",CNY,,8000,计提信用证手续费20250101-20250131（CNY：4kw）国民,,8000076,丰梵总部供应商,,,,,CN998,,,,,,
,21051109,其他应付款_一般,8000076,SA,1100001501,,221,2025/2/28,2025/2/28,H,31,1000,fashion common,"-40,767.12",CNY,"-40,767.12",CNY,,8000,计提信用证手续费20250101-20250131（CNY：8kw）国民,,8000076,丰梵总部供应商,,,,,CN998,,,,,,
,21051109,其他应付款_一般,8000076,SA,1100001501,,222,2025/2/28,2025/2/28,H,31,1000,fashion common,"-1,315.07",CNY,"-1,315.07",CNY,,8000,计提信用证手续费20250128-20250131（CNY：2kw）新韩,,8000076,丰梵总部供应商,,,,,CN998,,,,,,
,21051109,其他应付款_一般,8000076,SA,1100001501,,223,2025/2/28,2025/2/28,H,31,1000,fashion common,"-8,876.71",CNY,"-8,876.71",CNY,,8000,计提信用证手续费20250101-20250127（CNY：2kw）新韩,,8000076,丰梵总部供应商,,,,,CN998,,,,,,
,21051109,其他应付款_一般,8000076,SA,1100001501,,224,2025/2/28,2025/2/28,H,31,1000,fashion common,"-3,945.21",CNY,"-3,945.21",CNY,,8000,计提信用证手续费20250128-20250131（CNY：6kw）新韩,,8000076,丰梵总部供应商,,,,,CN998,,,,,,
,21051109,其他应付款_一般,8000076,SA,1100001501,,225,2025/2/28,2025/2/28,H,31,1000,fashion common,"-26,630.14",CNY,"-26,630.14",CNY,,8000,计提信用证手续费20250101-20250127（CNY：6kw）新韩,,8000076,丰梵总部供应商,,,,,CN998,,,,,,
,21051109,其他应付款_一般,8000076,SA,1100001501,,226,2025/2/28,2025/2/28,H,31,1000,fashion common,"-61,150.68",CNY,"-61,150.68",CNY,,8000,计提信用证手续费202501（CNY：1.2亿）新韩连带保证金,,8000076,丰梵总部供应商,,,,,CN998,,,,,,
,21051109,其他应付款_一般,8000076,SA,1100001501,,228,2025/2/28,2025/2/28,H,31,1000,fashion common,"-1,972.60",CNY,"-1,972.60",CNY,,8000,计提信用证手续费20240126-20240131（CNY：2kw）国民,,8000076,丰梵总部供应商,,,,,CN998,,,,,,
,21051109,其他应付款_一般,8000076,SA,1100001501,,229,2025/2/28,2025/2/28,H,31,1000,fashion common,"-42,739.73",CNY,"-42,739.73",CNY,,8000,计提信用证手续费20240101-20240126（CNY：1亿）国民,,8000076,丰梵总部供应商,,,,,CN998,,,,,,
,21051109,其他应付款_一般,8000076,SA,1100001501,,230,2025/2/28,2025/2/28,H,31,1000,fashion common,"-61,150.68",CNY,"-61,150.68",CNY,,8000,计提信用证手续费202401（CNY：1.2亿）新韩,,8000076,丰梵总部供应商,,,,,CN998,,,,,,
,21051109,其他应付款_一般,8000076,SA,1100001501,,233,2025/2/28,2025/2/28,H,31,1000,fashion common,"-12,501.00",CNY,"-12,501.00",CNY,,8000,计提2502SAP maintenance fee,,8000076,丰梵总部供应商,,,,,CN998,,,,,,
,21051109,其他应付款_一般,8000076,SA,1100001501,,234,2025/2/28,2025/2/28,H,31,1000,fashion common,"-49,315.07",CNY,"-49,315.07",CNY,,8000,计提信用证手续费202311（CNY：100000000）国民,,8000076,丰梵总部供应商,,,,,CN998,,,,,,
,21051109,其他应付款_一般,8000076,SA,1100001501,,235,2025/2/28,2025/2/28,H,31,1000,fashion common,"-49,315.07",CNY,"-49,315.07",CNY,,8000,计提信用证手续费202311（CNY：100000000）花旗,,8000076,丰梵总部供应商,,,,,CN998,,,,,,
,21051109,其他应付款_一般,8000076,SA,1100001501,,236,2025/2/28,2025/2/28,H,31,1000,fashion common,"-98,630.14",CNY,"-98,630.14",CNY,,8000,计提信用证手续费202311（CNY：200000000）韩国产业,,8000076,丰梵总部供应商,,,,,CN998,,,,,,
,21051109,其他应付款_一般,8000076,SA,1100001501,,237,2025/2/28,2025/2/28,H,31,1000,fashion common,"-34,520.55",CNY,"-34,520.55",CNY,,8000,计提信用证手续费202311（CNY：70000000）花旗,,8000076,丰梵总部供应商,,,,,CN998,,,,,,
,21051109,其他应付款_一般,8000076,SA,1100001501,,238,2025/2/28,2025/2/28,H,31,1000,fashion common,"-127,430.53",CNY,"-127,430.53",CNY,,8000,计提信用证手续费202311（USD：36000000）,,8000076,丰梵总部供应商,,,,,CN998,,,,,,
,21051109,其他应付款_一般,8000076,SA,1100001501,,239,2025/2/28,2025/2/28,H,31,1000,fashion common,"-83,835.62",CNY,"-83,835.62",CNY,,8000,计提信用证手续费202311（CNY：170000000）,,8000076,丰梵总部供应商,,,,,CN998,,,,,,
,21051109,其他应付款_一般,8000076,SA,1100001501,,240,2025/2/28,2025/2/28,H,31,1000,fashion common,"-30,505.65",CNY,"-30,505.65",CNY,,8000,计提信用证手续费202311（USD：8500000）,,8000076,丰梵总部供应商,,,,,CN998,,,,,,
,21051109,其他应付款_一般,8000076,SA,1100001501,,241,2025/2/28,2025/2/28,H,31,1000,fashion common,"-2,958.90",CNY,"-2,958.90",CNY,,8000,计提信用证手续费20240729-20240731（CNY：6kw）新韩,,8000076,丰梵总部供应商,,,,,CN998,,,,,,
,21051109,其他应付款_一般,8000076,SA,1100001501,,243,2025/2/28,2025/2/28,H,31,1000,fashion common,"-61,150.68",CNY,"-61,150.68",CNY,,8000,计提信用证手续费202407（CNY：1.2亿）新韩连带保证金,,8000076,丰梵总部供应商,,,,,CN998,,,,,,
,21051109,其他应付款_一般,8000076,SA,1100001501,,244,2025/2/28,2025/2/28,H,31,1000,fashion common,"-13,150.68",CNY,"-13,150.68",CNY,,8000,计提信用证手续费202310（CNY：100000000）花旗,,8000076,丰梵总部供应商,,,,,CN998,,,,,,
,21051109,其他应付款_一般,8000076,SA,1100001501,,245,2025/2/28,2025/2/28,H,31,1000,fashion common,"-13,150.68",CNY,"-13,150.68",CNY,,8000,计提信用证手续费202310（CNY：100000000）国民,,8000076,丰梵总部供应商,,,,,CN998,,,,,,
,21051109,其他应付款_一般,8000076,SA,1100001501,,246,2025/2/28,2025/2/28,H,31,1000,fashion common,"-101,917.81",CNY,"-101,917.81",CNY,,8000,计提信用证手续费202310（CNY：200000000）韩国产业,,8000076,丰梵总部供应商,,,,,CN998,,,,,,
,21051109,其他应付款_一般,8000076,SA,1100001501,,247,2025/2/28,2025/2/28,H,31,1000,fashion common,"-35,671.23",CNY,"-35,671.23",CNY,,8000,计提信用证手续费202310（CNY：70000000）花旗,,8000076,丰梵总部供应商,,,,,CN998,,,,,,
,21051109,其他应付款_一般,8000076,SA,1100001501,,248,2025/2/28,2025/2/28,H,31,1000,fashion common,"-133,938.35",CNY,"-133,938.35",CNY,,8000,计提信用证手续费202310（USD：36000000）,,8000076,丰梵总部供应商,,,,,CN998,,,,,,
,21051109,其他应付款_一般,8000076,SA,1100001501,,249,2025/2/28,2025/2/28,H,31,1000,fashion common,"-86,630.14",CNY,"-86,630.14",CNY,,8000,计提信用证手续费202310（CNY：170000000）,,8000076,丰梵总部供应商,,,,,CN998,,,,,,
,21051109,其他应付款_一般,8000076,SA,1100001501,,250,2025/2/28,2025/2/28,H,31,1000,fashion common,"-32,063.56",CNY,"-32,063.56",CNY,,8000,计提信用证手续费202310（USD：8500000）,,8000076,丰梵总部供应商,,,,,CN998,,,,,,
,21051109,其他应付款_一般,8000076,SA,1100001501,,252,2025/2/28,2025/2/28,H,31,1000,fashion common,"-69,041.10",CNY,"-69,041.10",CNY,,8000,计提信用证手续费20240401-20240430（CNY：1.5亿）国民,,8000076,丰梵总部供应商,,,,,CN998,,,,,,
,21051109,其他应付款_一般,8000076,SA,1100001501,,253,2025/2/28,2025/2/28,H,31,1000,fashion common,"-39,945.21",CNY,"-39,945.21",CNY,,8000,计提信用证手续费20240501--20240527（CNY：9kw）新韩,,8000076,丰梵总部供应商,,,,,CN998,,,,,,
,21051109,其他应付款_一般,8000076,SA,1100001501,,254,2025/2/28,2025/2/28,H,31,1000,fashion common,"-61,150.68",CNY,"-61,150.68",CNY,,8000,计提信用证手续费202405（CNY：1.2亿）新韩连带保证金,,8000076,丰梵总部供应商,,,,,CN998,,,,,,
,21051109,其他应付款_一般,8000076,SA,1100001501,,256,2025/2/28,2025/2/28,H,31,1000,fashion common,"-73,972.60",CNY,"-73,972.60",CNY,,8000,计提信用证手续费20240401-20240430（CNY：1.5亿）国民,,8000076,丰梵总部供应商,,,,,CN998,,,,,,
,21051109,其他应付款_一般,8000076,SA,1100001501,,257,2025/2/28,2025/2/28,H,31,1000,fashion common,"-51,287.67",CNY,"-51,287.67",CNY,,8000,计提信用证手续费20240401--20240426（CNY：1.2亿）花旗,,8000076,丰梵总部供应商,,,,,CN998,,,,,,
,21051109,其他应付款_一般,8000076,SA,1100001501,,258,2025/2/28,2025/2/28,H,31,1000,fashion common,"-7,397.26",CNY,"-7,397.26",CNY,,8000,计提信用证手续费20240426--20240430（CNY：9kw）新韩,,8000076,丰梵总部供应商,,,,,CN998,,,,,,
,21051109,其他应付款_一般,8000076,SA,1100001501,,259,2025/2/28,2025/2/28,H,31,1000,fashion common,"-49,315.07",CNY,"-49,315.07",CNY,,8000,计提信用证手续费20240401--20240425（CNY：1.2亿）新韩,,8000076,丰梵总部供应商,,,,,CN998,,,,,,
,21051109,其他应付款_一般,8000076,SA,1100001501,,260,2025/2/28,2025/2/28,H,31,1000,fashion common,"-59,178.08",CNY,"-59,178.08",CNY,,8000,计提信用证手续费202404（CNY：1.2亿）新韩连带保证金,,8000076,丰梵总部供应商,,,,,CN998,,,,,,
,21051109,其他应付款_一般,8000076,SA,1100001501,,263,2025/2/28,2025/2/28,H,31,1000,fashion common,"-9,863.01",CNY,"-9,863.01",CNY,,8000,计提信用证手续费20240328-20240331（CNY：2kw）国民,,8000076,丰梵总部供应商,,,,,CN998,,,,,,
,21051109,其他应付款_一般,8000076,SA,1100001501,,264,2025/2/28,2025/2/28,H,31,1000,fashion common,"-61,150.68",CNY,"-61,150.68",CNY,,8000,计提信用证手续费20240301--20240331（CNY：1.2亿）花旗,,8000076,丰梵总部供应商,,,,,CN998,,,,,,
,21051109,其他应付款_一般,8000076,SA,1100001501,,265,2025/2/28,2025/2/28,H,31,1000,fashion common,"-61,150.68",CNY,"-61,150.68",CNY,,8000,计提信用证手续费20240301--20240331（CNY：1.2亿）新韩,,8000076,丰梵总部供应商,,,,,CN998,,,,,,
,21051109,其他应付款_一般,8000076,SA,1100001501,,266,2025/2/28,2025/2/28,H,31,1000,fashion common,"-61,150.68",CNY,"-61,150.68",CNY,,8000,计提信用证手续费202403（CNY：1.2亿）新韩连带保证金,,8000076,丰梵总部供应商,,,,,CN998,,,,,,
,21051109,其他应付款_一般,55210121,SA,1100002176,,2,2025/3/31,2025/3/31,H,31,1000,fashion common,"-16,174.86",CNY,"-16,174.86",CNY,,8000,计提2503SAP License,,8000076,丰梵总部供应商,,,,,CN998,,,,,,
,21051109,其他应付款_一般,55210121,SA,1100002176,,4,2025/3/31,2025/3/31,H,31,1000,fashion common,"-18,867.92",CNY,"-18,867.92",CNY,,8000,计提2503SAP maintenance fee,,8000076,丰梵总部供应商,,,,,CN998,,,,,,
,21051109,其他应付款_一般,8000076,SA,1100002305,,5,2025/3/31,2025/3/31,H,31,1000,fashion common,"-61,150.68",CNY,"-61,150.68",CNY,,8000,计提信用证手续费202502（CNY：1.2亿）新韩连带保证金,,8000076,丰梵总部供应商,,,,,CN998,,,,,,
,21051109,其他应付款_一般,8000076,SA,1100002305,,6,2025/3/31,2025/3/31,H,31,1000,fashion common,"-30,575.34",CNY,"-30,575.34",CNY,,8000,计提信用证手续费20250301-20250331（CNY：6kw）新韩,,8000076,丰梵总部供应商,,,,,CN998,,,,,,
,21051109,其他应付款_一般,8000076,SA,1100002305,,7,2025/3/31,2025/3/31,H,31,1000,fashion common,"-10,191.78",CNY,"-10,191.78",CNY,,8000,计提信用证手续费20250301-20250331（CNY：2kw）新韩,,8000076,丰梵总部供应商,,,,,CN998,,,,,,
,21051109,其他应付款_一般,8000076,SA,1100002305,,8,2025/3/31,2025/3/31,H,31,1000,fashion common,"-48,821.92",CNY,"-48,821.92",CNY,,8000,计提信用证手续费20250301-20250331（CNY：1.1亿）产业,,8000076,丰梵总部供应商,,,,,CN998,,,,,,
,21051109,其他应付款_一般,62010101,SA,1100002638,,1,2025/4/30,2025/4/30,H,31,1000,fashion common,"-59,178.08",CNY,"-59,178.08",CNY,,8000,计提信用证手续费202504（CNY：1.2亿）新韩连带保证金,,8000076,丰梵总部供应商,,,,,CN998,,,,,,
,21051109,其他应付款_一般,62010101,SA,1100002638,,2,2025/4/30,2025/4/30,H,31,1000,fashion common,"-29,589.04",CNY,"-29,589.04",CNY,,8000,计提信用证手续费20250301-20250331（CNY：6kw）新韩,,8000076,丰梵总部供应商,,,,,CN998,,,,,,
,21051109,其他应付款_一般,62010101,SA,1100002638,,3,2025/4/30,2025/4/30,H,31,1000,fashion common,"-9,863.01",CNY,"-9,863.01",CNY,,8000,计提信用证手续费20250301-20250331（CNY：2kw）新韩,,8000076,丰梵总部供应商,,,,,CN998,,,,,,
,21051109,其他应付款_一般,55210121,SA,1100002836,,1,2025/4/30,2025/4/30,H,31,1000,fashion common,"-16,427.67",CNY,"-16,427.67",CNY,,8000,计提2504SAP License,,8000076,丰梵总部供应商,,,,,CN998,,,,,,
,21051109,其他应付款_一般,55210121,SA,1100002836,,3,2025/4/30,2025/4/30,H,31,1000,fashion common,"-18,867.92",CNY,"-18,867.92",CNY,,8000,计提2504SAP maintenance fee,,8000076,丰梵总部供应商,,,,,CN998,,,,,,
,21051109,其他应付款_一般,55210121,SA,1100003549,,2,2025/5/30,2025/5/30,H,31,1000,fashion common,"-16,795.52",CNY,"-16,795.52",CNY,,8000,计提2505SAP License,,8000076,丰梵总部供应商,,,,,CN998,,,,,,
,21051109,其他应付款_一般,55210121,SA,1100003549,,4,2025/5/30,2025/5/30,H,31,1000,fashion common,"-18,867.92",CNY,"-18,867.92",CNY,,8000,计提2505SAP maintenance fee,,8000076,丰梵总部供应商,,,,,CN998,,,,,,
,21051109,其他应付款_一般,67010101,SA,1100003395,,1,2025/5/31,2025/5/31,H,31,1000,fashion common,"-61,150.68",CNY,"-61,150.68",CNY,,8000,计提信用证手续费202504（CNY：1.2亿）新韩连带保证金,,8000076,丰梵总部供应商,,,,,CN998,,,,,,
,21051109,其他应付款_一般,67010101,SA,1100003395,,2,2025/5/31,2025/5/31,H,31,1000,fashion common,"-26,630.14",CNY,"-26,630.14",CNY,,8000,计提信用证手续费20250501-20250527（CNY：6kw）新韩,,8000076,丰梵总部供应商,,,,,CN998,,,,,,
,21051109,其他应付款_一般,67010101,SA,1100003395,,3,2025/5/31,2025/5/31,H,31,1000,fashion common,"-8,876.71",CNY,"-8,876.71",CNY,,8000,计提信用证手续费20250501-20250527（CNY：2kw）新韩,,8000076,丰梵总部供应商,,,,,CN998,,,,,,
,21051109,其他应付款_一般,67010101,SA,1100004157,,1,2025/6/30,2025/6/30,H,31,1000,fashion common,"-59,178.08",CNY,"-59,178.08",CNY,,8000,计提信用证手续费202506（CNY：1.2亿）新韩连带保证金,,8000076,丰梵总部供应商,,,,,CN998,,,,,,
,21051109,其他应付款_一般,55210121,SA,1100004319,,1,2025/6/30,2025/6/30,H,31,1000,fashion common,"-17,066.47",CNY,"-17,066.47",CNY,,8000,计提2506SAP License,,8000076,丰梵总部供应商,,,,,CN998,,,,,,
,21051109,其他应付款_一般,55210121,SA,1100004319,,3,2025/6/30,2025/6/30,H,31,1000,fashion common,"-18,867.92",CNY,"-18,867.92",CNY,,8000,计提2506SAP maintenance fee,,8000076,丰梵总部供应商,,,,,CN998,,,,,,
,21051109,其他应付款_一般,55210131,SA,1100004795,,1,2025/7/29,2025/7/29,H,31,2100,MLB,"-86,265.49",CNY,"-86,265.49",CNY,,8000,计提26sstrade show影像音乐制作费,,8000076,丰梵总部供应商,,,,,CN998,,,,,,
,21051109,其他应付款_一般,11110105,SA,1100005067,,5,2025/7/30,2025/7/30,H,31,1000,fashion common,"-208,020.03",CNY,"-208,020.03",CNY,,8000,计提MS OFFICE 365 LICENSE FEE2507-2606,,8000076,丰梵总部供应商,,,,,CN998,,,,,,
,21051109,其他应付款_一般,8100300,SA,1100005076,,5,2025/7/30,2025/7/30,H,31,1000,fashion common,"-16,933.89",CNY,"-16,933.89",CNY,,8000,计提2507SAP License,,8000076,丰梵总部供应商,,,,,CN998,,,,,,
,21051109,其他应付款_一般,8100300,SA,1100005076,,7,2025/7/30,2025/7/30,H,31,1000,fashion common,"-18,867.92",CNY,"-18,867.92",CNY,,8000,计提2507SAP maintenance fee,,8000076,丰梵总部供应商,,,,,CN998,,,,,,
,21051109,其他应付款_一般,11110105,SA,1100005165,,1,2025/7/30,2025/7/30,H,31,1000,fashion common,"-20,954.56",CNY,"-20,954.56",CNY,,8000,notion费用2508-2606,,8000076,丰梵总部供应商,,,,,CN998,,,,,,
,21051109,其他应付款_一般,67010101,SA,1100004942,,1,2025/7/31,2025/7/31,H,31,1000,fashion common,"-61,150.68",CNY,"-61,150.68",CNY,,8000,计提信用证手续费202507（CNY：1.2亿）新韩连带保证金,,8000076,丰梵总部供应商,,,,,CN998,,,,,,
,21051109,其他应付款_一般,55210121,SA,1100005806,,1,2025/8/30,2025/8/30,H,31,1000,fashion common,"-16,779.03",CNY,"-16,779.03",CNY,,8000,计提2508SAP License,,8000076,丰梵总部供应商,,,,,CN998,,,,,,
,21051109,其他应付款_一般,55210121,SA,1100005806,,3,2025/8/30,2025/8/30,H,31,1000,fashion common,"-18,867.92",CNY,"-18,867.92",CNY,,8000,计提2508SAP maintenance fee,,8000076,丰梵总部供应商,,,,,CN998,,,,,,
,21051109,其他应付款_一般,55210121,SA,1100006555,,1,2025/9/30,2025/9/30,H,31,1000,fashion common,"-16,624.44",CNY,"-16,624.44",CNY,,8000,计提2509SAP License,,8000076,丰梵总部供应商,,,,,CN998,,,,,,
,21051109,其他应付款_一般,55210121,SA,1100006555,,3,2025/9/30,2025/9/30,H,31,1000,fashion common,"-18,867.92",CNY,"-18,867.92",CNY,,8000,计提2509SAP maintenance fee,,8000076,丰梵总部供应商,,,,,CN998,,,,,,
,21051109,其他应付款_一般,55210121,SA,1100007284,,1,2025/10/31,2025/10/31,H,31,1000,fashion common,"-16,253.38",CNY,"-16,253.38",CNY,,8000,计提2510SAP License,,8000076,丰梵总部供应商,,,,,CN998,,,,,,
,21051109,其他应付款_一般,55210121,SA,1100007284,,3,2025/10/31,2025/10/31,H,31,1000,fashion common,"-18,867.92",CNY,"-18,867.92",CNY,,8000,计提2510SAP maintenance fee,,8000076,丰梵总部供应商,,,,,CN998,,,,,,
,21051109,其他应付款_一般,8100300,SA,1100008094,,2,2025/11/30,2025/11/30,H,31,1000,fashion common,"-15,839.59",CNY,"-15,839.59",CNY,,8000,计提2511SAP License,,8000076,丰梵总部供应商,,,,,CN998,,,,,,
,21051109,其他应付款_一般,8100300,SA,1100008094,,4,2025/11/30,2025/11/30,H,31,1000,fashion common,"-18,867.92",CNY,"-18,867.92",CNY,,8000,计提2511SAP maintenance fee,,8000076,丰梵总部供应商,,,,,CN998,,,,,,
,21051109,其他应付款_一般,11110105,SA,1100008097,,1,2025/11/30,2025/11/30,H,31,1000,fashion common,"-16,923.55",CNY,"-16,923.55",CNY,,8000,notion新增费用2511,,8000076,丰梵总部供应商,,,,,CN998,,,,,,
,21051109,其他应付款_一般,55030119,SA,1100008963,,1,2025/12/31,2025/12/31,H,31,1000,fashion common,"-6,723.09",CNY,"-6,723.09",CNY,,8000,计提支付总部海外差旅费Q4,,8000076,丰梵总部供应商,,,,,CN998,,,,,,
,21051109,其他应付款_一般,55210121,SA,1100008971,,1,2025/12/31,2025/12/31,H,31,1000,fashion common,"-15,594.69",CNY,"-15,594.69",CNY,,8000,计提2512SAP License,,8000076,丰梵总部供应商,,,,,CN998,,,,,,
,21051109,其他应付款_一般,55210121,SA,1100008971,,3,2025/12/31,2025/12/31,H,31,1000,fashion common,"-5,575.14",CNY,"-5,575.14",CNY,,8000,计提2512SAP maintenance fee差额,,8000076,丰梵总部供应商,,,,,CN998,,,,,,
,21051109,其他应付款_一般,55210121,SA,1100008971,,5,2025/12/31,2025/12/31,H,31,1000,fashion common,"-113,352.71",CNY,"-113,352.71",CNY,,8000,计提2025 Directors and Officers (D&O) Liability Insu,,8000076,丰梵总部供应商,,,,,CN998,,,,,,
,21051109,其他应付款_一般,55210121,SA,1100008983,,1,2025/12/31,2025/12/31,H,31,1000,fashion common,"-22,972.82",CNY,"-22,972.82",CNY,,8000,计提2512SAP maintenance fee差额,,8000076,丰梵总部供应商,,,,,CN998,,,,,,
,21051109,其他应付款_一般,62010101,SA,1100008984,,1,2025/12/31,2025/12/31,H,31,1000,fashion common,"-140,416.44",CNY,"-140,416.44",CNY,,8000,计提信用证手续费（CNY：6000w）新韩连带保证金,,8000076,丰梵总部供应商,,,,,CN998,,,,,,
,,,,,,,,,,,,,,"-5,040,272.72",CNY,,,,,,,,丰梵总部供应商,,,,,,,,,,,
,21051109,其他应付款_一般,55170103,K1,3400002583,,1,2025/11/24,2025/11/17,H,31,1000,fashion common,"-76,179.00",CNY,"-76,179.00",CNY,V8,8000,单号： DGFK-202511170168——Discovery 25年9月Social Retai,,8100749,广州出淇创意营销策划有限公司,,,,,V0824,,,,,,
,,,,,,,,,,,,,,"-76,179.00",CNY,,,,,,,,广州出淇创意营销策划有限公司,,,,,,,,,,,
,21051109,其他应付款_一般,55210121,K1,3400002852,,1,2025/12/26,2025/12/22,H,31,1000,fashion common,-192.00,CNY,-192.00,CNY,V4,8000,单号： DGFK-202512220228——哈尔滨麟嘉商贸-11月微商城销售分佣,,8000030,哈尔滨麟嘉商贸有限公司,,,,,D004,,,,2026/1/9,7000000011,
,,,,,,,,,,,,,,-192.00,CNY,,,,,,,,哈尔滨麟嘉商贸有限公司,,,,,,,,,,,
,21051109,其他应付款_一般,8100197,K1,3400002884,,1,2025/12/29,2025/12/25,H,31,1000,fashion common,"-6,048,000.00",CNY,"-6,048,000.00",CNY,,8000,单号： DGFK-202512250273——1月天猫Paid Media费用申请。 MLB Tma,,8100197,杭州阿里妈妈软件服务有限公司,,,,,00065,,,,,,
,,,,,,,,,,,,,,"-6,048,000.00",CNY,,,,,,,,杭州阿里妈妈软件服务有限公司,,,,,,,,,,,
,21051109,其他应付款_一般,55210121,K1,3400002829,,1,2025/12/25,2025/12/8,H,31,1000,fashion common,"-6,666.00",CNY,"-6,666.00",CNY,V7,8000,单号： DGFK-202512080082——2025年11月直播间监控费用,,8100586,杭州案元科技有限公司,,,,,V0656,,,,,,
,21051109,其他应付款_一般,55210121,K1,3400002834,,1,2025/12/25,2025/12/8,H,31,1000,fashion common,"-112,101.46",CNY,"-112,101.46",CNY,V7,8000,单号： DGFK-202512080081——2025年11月案元样品采买、拆包、退货及鉴定费用,,8100586,杭州案元科技有限公司,,,,,V0656,,,,,,
,,,,,,,,,,,,,,"-118,767.46",CNY,,,,,,,,杭州案元科技有限公司,,,,,,,,,,,
,21051109,其他应付款_一般,55210107,K1,3400002921,,1,2025/12/29,2025/12/12,H,31,1000,fashion common,"-113,973.07",CNY,"-113,973.07",CNY,V4,8000,"单号： DGFK-202512120139——DX抖音官旗 TP 11月服务费 113,973.07",,8100652,杭州祈飞网络科技有限公司,,,,,V0717,,,,,,
,21051109,其他应付款_一般,55210107,K1,3400002954,,1,2025/12/31,2025/12/12,H,31,1000,fashion common,"-803,950.71",CNY,"-803,950.71",CNY,V4,8000,单号： DGFK-202512130142——MLB抖音服装旗舰店 TP 11月服务费 803950,,8100652,杭州祈飞网络科技有限公司,,,,,V0717,,,,,,
,,,,,,,,,,,,,,"-917,923.78",CNY,,,,,,,,杭州祈飞网络科技有限公司,,,,,,,,,,,
,21051109,其他应付款_一般,55210121,K1,3400002863,,1,2025/12/26,2025/12/22,H,31,1000,fashion common,"-2,477.00",CNY,"-2,477.00",CNY,V4,8000,单号： DGFK-202512220219——杭州宇振-11月微商城销售分佣,,8000007,杭州宇振商业有限公司,,,,,D012,,,,2026/1/9,7000000006,
,,,,,,,,,,,,,,"-2,477.00",CNY,,,,,,,,杭州宇振商业有限公司,,,,,,,,,,,
,21051109,其他应付款_一般,8000262,K1,3400002533,,1,2025/11/18,2025/11/14,H,31,1000,fashion common,"-500,000.00",CNY,"-500,000.00",CNY,,8000,单号： DGFK-202511140151——客户保证金退款,,8000262,合肥市新锦汇网络信息科技有限公司,,,,,D061,,,,,,
,,,,,,,,,,,,,,"-500,000.00",CNY,,,,,,,,合肥市新锦汇网络信息科技有限公司,,,,,,,,,,,
,21051109,其他应付款_一般,55210121,K1,3400002855,,1,2025/12/26,2025/12/22,H,31,1000,fashion common,"-3,334.00",CNY,"-3,334.00",CNY,V4,8000,单号： DGFK-202512220224——河南金安芯-11月微商城销售分佣,,8000028,河南金安芯商贸有限公司,,,,,D002,,,,2026/1/9,7000000010,
,,,,,,,,,,,,,,"-3,334.00",CNY,,,,,,,,河南金安芯商贸有限公司,,,,,,,,,,,
,21051109,其他应付款_一般,55170103,K1,3400002882,,1,2025/12/29,2025/12/24,H,31,1000,fashion common,"-5,743.86",CNY,"-5,743.86",CNY,V4,8000,单号： DGFK-202512240255——DX Q4 店铺音乐结算,,8100349,厚方信息科技（上海）有限公司,,,,,V0404,,,,,,
,,,,,,,,,,,,,,"-5,743.86",CNY,,,,,,,,厚方信息科技（上海）有限公司,,,,,,,,,,,
,21051109,其他应付款_一般,55210121,K1,3400002553,,1,2025/11/19,2025/11/18,H,31,1000,fashion common,-904.00,CNY,-904.00,CNY,V1,8000,单号： DGFK-202511180195——增补_25年10月_决算,,8100325,江西魅艺展示道具有限公司,,,,,V0381,,,,,,
,21051109,其他应付款_一般,8100325,K1,3400002860,,1,2025/12/26,2025/12/5,H,31,1000,fashion common,"-283,291.00",CNY,"-283,291.00",CNY,,8000,单号： DGFK-202512050063——DX_38F SHOW ROOM_装修决算【江西魅艺】,,8100325,江西魅艺展示道具有限公司,,,,,V0381,,,,,,
,,,,,,,,,,,,,,"-284,195.00",CNY,,,,,,,,江西魅艺展示道具有限公司,,,,,,,,,,,
,21051109,其他应付款_一般,8100645,K1,3400002707,,1,2025/11/28,2025/11/24,H,31,1000,fashion common,"-34,664.23",CNY,"-34,664.23",CNY,,8000,单号： DGFK-202511240249——2025年10月国际物流运输费 - PANTOS,,8100645,乐尔幸泛通世物流（上海）有限公司,,,,,V0707,,,,,,
,21051109,其他应付款_一般,8100645,K1,3400002944,,1,2025/12/30,2025/12/23,H,31,1000,fashion common,-628.11,CNY,-628.11,CNY,,8000,单号： DGFK-202512230240——2025年11月国际物流运输费 - PANTOS,,8100645,乐尔幸泛通世物流（上海）有限公司,,,,,V0707,,,,,,
,,,,,,,,,,,,,,"-35,292.34",CNY,,,,,,,,乐尔幸泛通世物流（上海）有限公司,,,,,,,,,,,
,21051109,其他应付款_一般,55210121,K1,3400002911,,1,2025/12/29,2025/12/22,H,31,1000,fashion common,"-1,130.00",CNY,"-1,130.00",CNY,V4,8000,单号： DGFK-202512220222——南宁菲诺-11月微商城销售分佣,,8000270,南宁市菲诺电子科技有限公司,,,,,D063,,,,2026/1/9,7000000014,
,,,,,,,,,,,,,,"-1,130.00",CNY,,,,,,,,南宁市菲诺电子科技有限公司,,,,,,,,,,,
,21051109,其他应付款_一般,55210121,K1,3400002784,,1,2025/12/15,2025/12/8,H,31,1000,fashion common,"-8,296.00",CNY,"-8,296.00",CNY,V8,8000,单号： DGFK-202512090096——MLB-宁波杉杉8-11月保洁（前期合同流程未走完）,,8100818,宁波田田保洁服务有限公司,,,,,V0879,,,,,,
,,,,,,,,,,,,,,"-8,296.00",CNY,,,,,,,,宁波田田保洁服务有限公司,,,,,,,,,,,
,21051109,其他应付款_一般,55110103,K1,3400002958,,1,2025/12/31,2025/12/5,H,31,1000,fashion common,"-14,987.00",CNY,"-14,987.00",CNY,V1,8000,单号： DGFK-202512050060——Dear all: 申请部门：KIDS VMD 申请内,,8100073,沛淇广告（上海）有限公司,,,,,CU0358,,,,,,
,21051109,其他应付款_一般,55110103,K1,3400002967,,1,2025/12/31,2025/12/19,H,31,1000,fashion common,"-8,478.39",CNY,"-8,478.39",CNY,V1,8000,单号： DGFK-202512190191——Dear all: 申请部门：KIDS VMD 申请内,,8100073,沛淇广告（上海）有限公司,,,,,CU0358,,,,,,
,,,,,,,,,,,,,,"-23,465.39",CNY,,,,,,,,沛淇广告（上海）有限公司,,,,,,,,,,,
,21051109,其他应付款_一般,55210121,K1,3400002859,,1,2025/12/26,2025/12/22,H,31,1000,fashion common,"-1,015.00",CNY,"-1,015.00",CNY,V4,8000,单号： DGFK-202512220227——厦门百轮-11月微商城销售分佣,,8000004,厦门百轮服饰有限公司,,,,,D028,,,,2026/1/9,7000000004,
,,,,,,,,,,,,,,"-1,015.00",CNY,,,,,,,,厦门百轮服饰有限公司,,,,,,,,,,,
,21051109,其他应付款_一般,55210121,K1,3400002895,,1,2025/12/29,2025/12/15,H,31,1000,fashion common,"-10,000.00",CNY,"-10,000.00",CNY,V4,8000,单号： DGFK-202512170177——本次付款为MLB电气检测下半年服务费。报告已出。,,8100397,上海贝鋆安全技术服务有限公司,,,,,V0455,,,,,,
,,,,,,,,,,,,,,"-10,000.00",CNY,,,,,,,,上海贝鋆安全技术服务有限公司,,,,,,,,,,,
,21051109,其他应付款_一般,55170103,K1,3400002928,,1,2025/12/29,2025/12/9,H,31,1000,fashion common,"-700,000.00",CNY,"-700,000.00",CNY,V4,8000,单号： DGFK-202512090097——DISCOVERY 25SS 品牌大使合作费用，最后一,,8100712,上海不另外加糖文化传媒有限公司,,,,,V0781,,,,,,
,,,,,,,,,,,,,,"-700,000.00",CNY,,,,,,,,上海不另外加糖文化传媒有限公司,,,,,,,,,,,
,21051109,其他应付款_一般,55170103,K1,3400002889,,1,2025/12/29,2025/12/11,H,31,1000,fashion common,"-192,390.00",CNY,"-192,390.00",CNY,V4,8000,单号： DGFK-202512110119——DX winter campaign 艺人小红书发布，,,8100717,上海触加网络科技有限公司,,,,,V0791,,,,,,
,,,,,,,,,,,,,,"-192,390.00",CNY,,,,,,,,上海触加网络科技有限公司,,,,,,,,,,,
,21051109,其他应付款_一般,55170111,K1,3400002909,,1,2025/12/29,2025/12/8,H,31,1000,fashion common,"-89,939.00",CNY,"-89,939.00",CNY,V4,8000,单号： DGFK-202512100110——现申请Y25 MLB天猫店播11月服务费，费用均在预算,,8100407,上海传释广告有限公司,,,,,V0461,,,,,,
,,,,,,,,,,,,,,"-89,939.00",CNY,,,,,,,,上海传释广告有限公司,,,,,,,,,,,
,21051109,其他应付款_一般,8100513,K1,3400002847,,1,2025/12/26,2025/12/5,H,31,1000,fashion common,"-21,696.00",CNY,"-21,696.00",CNY,,8000,单号： DGFK-202512050064——DX_38F SHOW ROOM_装修决算单【上海方为,,8100513,上海方为环境工程有限公司,,,,,V0582,,,,,,
,,,,,,,,,,,,,,"-21,696.00",CNY,,,,,,,,上海方为环境工程有限公司,,,,,,,,,,,
,21051109,其他应付款_一般,55210121,K1,3400002897,,1,2025/12/29,2025/12/11,H,31,1000,fashion common,"-210,432.00",CNY,"-210,432.00",CNY,V4,8000,单号： DGFK-202512110125——2025年11月 MLB & MLB KIDS pai,,8100159,上海乾彤电子商务有限公司,,,,,CU0516,,,,,,
,,,,,,,,,,,,,,"-210,432.00",CNY,,,,,,,,上海乾彤电子商务有限公司,,,,,,,,,,,
,21051109,其他应付款_一般,55210121,K1,3400002715,,1,2025/12/4,2025/12/3,H,31,1000,fashion common,"-32,000.00",CNY,"-32,000.00",CNY,V4,8000,单号： DGFK-202512030040——应DCS业务要求，与Discovery现有TP古星签署,,8100672,上海古星电子商务有限公司,,,,,V0732,,,,,,
,,,,,,,,,,,,,,"-32,000.00",CNY,,,,,,,,上海古星电子商务有限公司,,,,,,,,,,,
,21051109,其他应付款_一般,55170113,K1,3400002919,,1,2025/12/29,2025/12/2,H,31,1000,fashion common,"-13,000.00",CNY,"-13,000.00",CNY,V4,8000,单号： DGFK-202512020030——上海万象城一楼中庭灯箱画面更换合同  更换时间：  第,,8100699,上海海馨图文制作有限公司,,,,,V0771,,,,,,
,,,,,,,,,,,,,,"-13,000.00",CNY,,,,,,,,上海海馨图文制作有限公司,,,,,,,,,,,
,21051109,其他应付款_一般,55210121,K1,3400002569,,1,2025/11/20,2025/11/18,H,31,1000,fashion common,"-6,441.00",CNY,"-6,441.00",CNY,V1,8000,单号： DGFK-202511180193——维修_2025年10月_决算,,8100065,上海涵锡照明科技有限公司,,,,,PL006,,,,,,
,,,,,,,,,,,,,,"-6,441.00",CNY,,,,,,,,上海涵锡照明科技有限公司,,,,,,,,,,,
,21051109,其他应付款_一般,55170103,K1,3400002604,,1,2025/11/24,2025/11/20,H,31,1000,fashion common,"-12,597.04",CNY,"-12,597.04",CNY,V4,8000,单号： DGFK-202511200216——执行公司：上海汉郅广告有限公司  项目：上海世纪汇DP,,8100772,上海汉郅广告有限公司,,,,,V0833,,,,,,
,21051109,其他应付款_一般,55170103,K1,3400002922,,1,2025/12/29,2025/12/1,H,31,1000,fashion common,"-19,893.66",CNY,"-19,893.66",CNY,V4,8000,单号： DGFK-202512010016——时间：9月19日-10月3日  供应商：上海汉郅广告有,,8100772,上海汉郅广告有限公司,,,,,V0833,,,,,,
,21051109,其他应付款_一般,55170103,K1,3400002923,,1,2025/12/29,2025/12/4,H,31,1000,fashion common,"-89,920.00",CNY,"-89,920.00",CNY,V4,8000,单号： DGFK-202512040057——DX 2025 Q3 Resize Fee,,8100772,上海汉郅广告有限公司,,,,,V0833,,,,,,
,,,,,,,,,,,,,,"-122,410.70",CNY,,,,,,,,上海汉郅广告有限公司,,,,,,,,,,,
,21051109,其他应付款_一般,8000104,SA,1100008197,,9,2025/11/30,2025/11/30,H,31,1000,fashion common,"-79,824.36",CNY,"-79,824.36",CNY,,8000,3400002653好瞬应付转其他应付,,8000104,上海好瞬文化传媒有限公司,,,,,CN972,,,,,,
,21051109,其他应付款_一般,8000104,SA,1100008982,,8,2025/12/31,2025/12/31,H,31,1000,fashion common,"-18,071.83",CNY,"-18,071.83",CNY,,8000,3400002879好瞬应付转其他应付,,8000104,上海好瞬文化传媒有限公司,,,,,CN972,,,,,,
,21051109,其他应付款_一般,8000104,SA,1100008982,,9,2025/12/31,2025/12/31,H,31,1000,fashion common,"-29,044.00",CNY,"-29,044.00",CNY,,8000,3400002917好瞬应付转其他应付,,8000104,上海好瞬文化传媒有限公司,,,,,CN972,,,,,,
,21051109,其他应付款_一般,8000104,SA,1100008982,,10,2025/12/31,2025/12/31,H,31,1000,fashion common,"-28,415.42",CNY,"-28,415.42",CNY,,8000,3400002925好瞬应付转其他应付,,8000104,上海好瞬文化传媒有限公司,,,,,CN972,,,,,,
,21051109,其他应付款_一般,8000104,SA,1100008982,,11,2025/12/31,2025/12/31,H,31,1000,fashion common,"-363,184.60",CNY,"-363,184.60",CNY,,8000,3400002936好瞬应付转其他应付,,8000104,上海好瞬文化传媒有限公司,,,,,CN972,,,,,,
,21051109,其他应付款_一般,8000104,SA,1100008982,,12,2025/12/31,2025/12/31,H,31,1000,fashion common,"-570,750.20",CNY,"-570,750.20",CNY,,8000,3400002937好瞬应付转其他应付,,8000104,上海好瞬文化传媒有限公司,,,,,CN972,,,,,,
,21051109,其他应付款_一般,8000104,SA,1100008982,,13,2025/12/31,2025/12/31,H,31,1000,fashion common,"-3,962.07",CNY,"-3,962.07",CNY,,8000,3400002938好瞬应付转其他应付,,8000104,上海好瞬文化传媒有限公司,,,,,CN972,,,,,,
,21051109,其他应付款_一般,8000104,SA,1100008982,,14,2025/12/31,2025/12/31,H,31,1000,fashion common,"-78,183.48",CNY,"-78,183.48",CNY,,8000,3400002966好瞬应付转其他应付,,8000104,上海好瞬文化传媒有限公司,,,,,CN972,,,,,,
,,,,,,,,,,,,,,"-1,171,435.96",CNY,,,,,,,,上海好瞬文化传媒有限公司,,,,,,,,,,,
,21051109,其他应付款_一般,55210121,K1,3400002557,,1,2025/11/19,2025/11/18,H,31,1000,fashion common,-791.00,CNY,-791.00,CNY,V1,8000,单号： DGFK-202511180192——维修_2025年10月_决算,,8100026,上海灏威环境科技有限公司,,,,,CU0550,,,,,,
,21051109,其他应付款_一般,8100026,K1,3400002846,,1,2025/12/26,2025/12/5,H,31,1000,fashion common,"-57,743.00",CNY,"-57,743.00",CNY,,8000,单号： DGFK-202512050065——DX_38F SHOW ROOM_装修决算单【上海灏威,,8100026,上海灏威环境科技有限公司,,,,,CU0550,,,,,,
,,,,,,,,,,,,,,"-58,534.00",CNY,,,,,,,,上海灏威环境科技有限公司,,,,,,,,,,,
,21051109,其他应付款_一般,55110103,K1,3400002952,,1,2025/12/31,2025/12/26,H,31,1000,fashion common,"-15,602.38",CNY,"-15,602.38",CNY,V1,8000,单号： DGFK-202512260275——Dear all，  以上是2025年MLB直营店第一,,8100510,上海泓邑文化传播有限公司,,,,,V0579,,,,,,
,21051109,其他应付款_一般,55110103,K1,3400002956,,1,2025/12/31,2025/12/17,H,31,1000,fashion common,"-3,163.00",CNY,"-3,163.00",CNY,V1,8000,单号： DGFK-202512180184——Dear all，  以上是2025年MLB直营店第四,,8100510,上海泓邑文化传播有限公司,,,,,V0579,,,,,,
,,,,,,,,,,,,,,"-18,765.38",CNY,,,,,,,,上海泓邑文化传播有限公司,,,,,,,,,,,
,21051109,其他应付款_一般,55210135,K1,3400002549,,1,2025/11/19,2025/11/17,H,31,1000,fashion common,"-43,618.37",CNY,"-43,618.37",CNY,V4,8000,单号： DGFK-202511170172——MLB 10月 华企物流费,,8100743,上海华企快递服务有限公司,,,,,V0813,,,,,,
,21051109,其他应付款_一般,55210135,K1,3400002751,,1,2025/12/10,2025/12/8,H,31,1000,fashion common,"-16,748.86",CNY,"-16,748.86",CNY,V4,8000,单号： DGFK-202512080085——KIDS 店铺11月调拨快递费（华企）,,8100743,上海华企快递服务有限公司,,,,,V0813,,,,,,
,21051109,其他应付款_一般,55210135,K1,3400002840,,1,2025/12/25,2025/12/15,H,31,1000,fashion common,"-54,115.94",CNY,"-54,115.94",CNY,V4,8000,单号： DGFK-202512150153—— MLB 11月 华企物流费,,8100743,上海华企快递服务有限公司,,,,,V0813,,,,,,
,,,,,,,,,,,,,,"-114,483.17",CNY,,,,,,,,上海华企快递服务有限公司,,,,,,,,,,,
,21051109,其他应付款_一般,55170103,K1,3400002656,,1,2025/11/27,2025/11/20,H,31,1000,fashion common,"-11,995.59",CNY,"-11,995.59",CNY,V1,8000,单号： DGFK-202511200214——项目CODE：A25-308 项目描述：Mall Ad,,8100116,上海环源广告有限公司,,,,,CU0258,,,,,,
,21051109,其他应付款_一般,55110103,K1,3400002974,,1,2025/12/31,2025/12/25,H,31,1000,fashion common,"-27,593.11",CNY,"-27,593.11",CNY,V1,8000,单号： DGFK-202512250272——Dear all，  以上是2025年MLB直营店第四,,8100116,上海环源广告有限公司,,,,,CU0258,,,,,,
,,,,,,,,,,,,,,"-39,588.70",CNY,,,,,,,,上海环源广告有限公司,,,,,,,,,,,
,21051109,其他应付款_一般,8100532,K1,3400002930,,1,2025/12/29,2025/12/16,H,31,1000,fashion common,"-4,303.90",CNY,"-4,303.90",CNY,,8000,单号： DGFK-202512220212——39F会议室ATLANTA智能屏,,8100532,上海今约软件开发有限公司,,,,,V0600,,,,,,
,,,,,,,,,,,,,,"-4,303.90",CNY,,,,,,,,上海今约软件开发有限公司,,,,,,,,,,,
,21051109,其他应付款_一般,55210121,K1,3400002823,,1,2025/12/24,2025/12/15,H,31,1000,fashion common,"-67,000.00",CNY,"-67,000.00",CNY,V4,8000,单号： DGFK-202512160156——2025网络安全审计,,8100811,上海钧派信息科技有限公司,,,,,V0872,,,,,,
,,,,,,,,,,,,,,"-67,000.00",CNY,,,,,,,,上海钧派信息科技有限公司,,,,,,,,,,,
,21051109,其他应付款_一般,55110103,K1,3400002971,,1,2025/12/31,2025/12/22,H,31,1000,fashion common,"-53,714.40",CNY,"-53,714.40",CNY,V1,8000,单号： DGFK-202512220216——DX 25Q4 store upgrade费用-酷道,,8100630,上海酷道品牌管理有限公司,,,,,V0682,,,,,,
,21051109,其他应付款_一般,55210131,K1,3400002973,,1,2025/12/31,2025/12/22,H,31,1000,fashion common,"-42,157.98",CNY,"-42,157.98",CNY,V1,8000,单号： DGFK-202512220214——DX 26SS show case 费用-酷道,,8100630,上海酷道品牌管理有限公司,,,,,V0682,,,,,,
,,,,,,,,,,,,,,"-95,872.38",CNY,,,,,,,,上海酷道品牌管理有限公司,,,,,,,,,,,
,21051109,其他应付款_一般,55210131,K1,3400002567,,1,2025/11/20,2025/11/19,H,31,1000,fashion common,"-372,671.00",CNY,"-372,671.00",CNY,V3,8000,单号： DGFK-202511190209——订货会_DX_2025年10月_决算,,8100154,上海匡目广告有限公司,,,,,CN990,,,,,,
,21051109,其他应付款_一般,55210121,K1,3400002572,,1,2025/11/20,2025/11/18,H,31,1000,fashion common,"-14,778.00",CNY,"-14,778.00",CNY,**,8000,单号： DGFK-202511180191——维修&撤柜_2025年10月_决算,,8100154,上海匡目广告有限公司,,,,,CN990,,,,,,
,21051109,其他应付款_一般,8100154,K1,3400002575,,1,2025/11/24,2025/11/18,H,31,1000,fashion common,"-8,475.00",CNY,"-8,475.00",CNY,,8000,单号： DGFK-202511190200——整改_MLB_25年10月_决算,,8100154,上海匡目广告有限公司,,,,,CN990,,,,,,
,21051109,其他应付款_一般,55110101,K1,3400002743,,1,2025/12/9,2025/12/3,H,31,1000,fashion common,-80.00,CNY,-80.00,CNY,V1,8000,单号： DGFK-202512030037——杨乐Gemini 印刷名片一盒,,8100154,上海匡目广告有限公司,,,,,CN990,,,,,,
,21051109,其他应付款_一般,8100154,K1,3400002750,,1,2025/12/10,2025/12/5,H,31,1000,fashion common,"-22,035.00",CNY,"-22,035.00",CNY,,8000,单号： DGFK-202512050066——DX_38F SHOW ROOM_装修决算单【上海匡目,,8100154,上海匡目广告有限公司,,,,,CN990,,,,,,
,21051109,其他应付款_一般,55210121,K1,3400002901,,1,2025/12/29,2025/12/23,H,31,1000,fashion common,"-2,544.00",CNY,"-2,544.00",CNY,V1,8000,单号： DGFK-202512230237——39楼办公室改建-办公桌+柜子仓储费（6个月）&人工运,,8100154,上海匡目广告有限公司,,,,,CN990,,,,,,
,21051109,其他应付款_一般,55110103,K1,3400002948,,1,2025/12/30,2025/12/24,H,31,1000,fashion common,"-13,354.00",CNY,"-13,354.00",CNY,V1,8000,单号： DGFK-202512240259——Dear all: 申请部门：KIDS VMD 申请内,,8100154,上海匡目广告有限公司,,,,,CN990,,,,,,
,21051109,其他应付款_一般,55110103,K1,3400002949,,1,2025/12/30,2025/12/5,H,31,1000,fashion common,"-26,568.00",CNY,"-26,568.00",CNY,V1,8000,单号： DGFK-202512050061——Dear all: 申请部门：KIDS VMD 申请内,,8100154,上海匡目广告有限公司,,,,,CN990,,,,,,
,21051109,其他应付款_一般,55110103,K1,3400002950,,1,2025/12/30,2025/12/16,H,31,1000,fashion common,"-16,037.00",CNY,"-16,037.00",CNY,V1,8000,单号： DGFK-202512160166——Dear all: 申请部门：KIDS VMD 申请内,,8100154,上海匡目广告有限公司,,,,,CN990,,,,,,
,21051109,其他应付款_一般,55110103,K1,3400002955,,1,2025/12/31,2025/12/23,H,31,1000,fashion common,"-38,596.80",CNY,"-38,596.80",CNY,V1,8000,单号： DGFK-202512230234——Dear all，  以上是2025年MLB直营店第四,,8100154,上海匡目广告有限公司,,,,,CN990,,,,,,
,21051109,其他应付款_一般,55110103,K1,3400002957,,1,2025/12/31,2025/12/17,H,31,1000,fashion common,"-13,981.20",CNY,"-13,981.20",CNY,V1,8000,单号： DGFK-202512220199——Dear all，  以上是2025年MLB直营店港汇,,8100154,上海匡目广告有限公司,,,,,CN990,,,,,,
,21051109,其他应付款_一般,55110103,K1,3400002964,,1,2025/12/31,2025/12/15,H,31,1000,fashion common,"-23,223.50",CNY,"-23,223.50",CNY,V1,8000,单号： DGFK-202512150148—— 本付款为SP店铺开店闭店陈列道具运输和安装费用。合计,,8100154,上海匡目广告有限公司,,,,,CN990,,,,,,
,21051109,其他应付款_一般,55170103,K1,3400002965,,1,2025/12/31,2025/12/22,H,31,1000,fashion common,"-4,539.00",CNY,"-4,539.00",CNY,V1,8000,单号： DGFK-202512220206——办公室39F DX画面费用,,8100154,上海匡目广告有限公司,,,,,CN990,,,,,,
,21051109,其他应付款_一般,55110103,K1,3400002975,,1,2025/12/31,2025/12/22,H,31,1000,fashion common,"-39,766.75",CNY,"-39,766.75",CNY,V1,8000,单号： DGFK-202512230232——25FW DX OR店铺道具增补费用,,8100154,上海匡目广告有限公司,,,,,CN990,,,,,,
,21051109,其他应付款_一般,55210131,K1,3400002976,,1,2025/12/31,2025/12/22,H,31,1000,fashion common,"-97,085.30",CNY,"-97,085.30",CNY,**,8000,单号： DGFK-202512220215——DX 26SS show case费用 - 设计费+道,,8100154,上海匡目广告有限公司,,,,,CN990,,,,,,
,21051109,其他应付款_一般,55110103,K1,3400002978,,1,2025/12/31,2025/12/22,H,31,1000,fashion common,"-83,447.00",CNY,"-83,447.00",CNY,V1,8000,单号： DGFK-202512220217——DX 25Q4 Store upgrade费用 - 匡,,8100154,上海匡目广告有限公司,,,,,CN990,,,,,,
,,,,,,,,,,,,,,"-777,181.55",CNY,,,,,,,,上海匡目广告有限公司,,,,,,,,,,,
,21051109,其他应付款_一般,55210121,K1,3400002979,,1,2025/12/31,2025/12/28,H,31,1000,fashion common,"-180,000.00",CNY,"-180,000.00",CNY,V5,8000,单号： DGFK-202512280276——DX旗舰店_开发费（尾款）,,8100742,上海利诚广告有限公司,,,,,V0819,,,,,,
,,,,,,,,,,,,,,"-180,000.00",CNY,,,,,,,,上海利诚广告有限公司,,,,,,,,,,,
,21051109,其他应付款_一般,55110101,K1,3400002769,,1,2025/12/11,2025/12/5,H,31,1000,fashion common,"-2,373.00",CNY,"-2,373.00",CNY,V1,8000,单号： DGFK-202512050072——因DX店铺监控拷贝需要，申请采购4个移动硬盘  4T*,,8100084,上海联百商业设备有限公司,,,,,CU0334,,,,,,
,,,,,,,,,,,,,,"-2,373.00",CNY,,,,,,,,上海联百商业设备有限公司,,,,,,,,,,,
,21051109,其他应付款_一般,55210121,K1,3400002854,,1,2025/12/26,2025/12/22,H,31,1000,fashion common,"-6,411.00",CNY,"-6,411.00",CNY,V4,8000,单号： DGFK-202512220218——上海凌博-11月微商城销售分佣,,8000015,上海凌博商贸有限公司,,,,,D001,,,,2026/1/9,7000000009,
,,,,,,,,,,,,,,"-6,411.00",CNY,,,,,,,,上海凌博商贸有限公司,,,,,,,,,,,
,21051109,其他应付款_一般,8100838,K1,3400002947,,1,2025/12/30,2025/12/25,H,31,1000,fashion common,"-42,240.00",CNY,"-42,240.00",CNY,,8000,单号： DGFK-202512250271——本次预付款时间为2026年1月9日,,8100838,上海龙华国际酒店管理有限公司西岸美高梅酒店分公司,,,,,V0908,,,,2026/1/9,7000000020,
,,,,,,,,,,,,,,"-42,240.00",CNY,,,,,,,,上海龙华国际酒店管理有限公司西岸美高梅酒店分公司,,,,,,,,,,,
,21051109,其他应付款_一般,55170103,K1,3400002932,,1,2025/12/29,2025/12/1,H,31,1000,fashion common,"-8,480.00",CNY,"-8,480.00",CNY,V4,8000,单号： DGFK-202512010021——MLB 25FW SHOES CAMPAIGN PLA,,8100367,上海玫函文化传播有限公司,,,,,V0416,,,,,,
,,,,,,,,,,,,,,"-8,480.00",CNY,,,,,,,,上海玫函文化传播有限公司,,,,,,,,,,,
,21051109,其他应付款_一般,55170103,K1,3400002667,,1,2025/11/27,2025/11/21,H,31,1000,fashion common,"-120,000.00",CNY,"-120,000.00",CNY,V4,8000,单号： DGFK-202511210232——A25-116 MLB RED&DOUYIN Reta,,8100112,上海玫有文化传播有限公司,,,,,00058,,,,,,
,21051109,其他应付款_一般,55170103,K1,3400002887,,1,2025/12/29,2025/12/19,H,31,1000,fashion common,"-120,000.00",CNY,"-120,000.00",CNY,V4,8000,单号： DGFK-202512220213——A25-116 MLB RED&DOUYIN Reta,,8100112,上海玫有文化传播有限公司,,,,,00058,,,,,,
,21051109,其他应付款_一般,55170103,K1,3400002896,,1,2025/12/29,2025/12/24,H,31,1000,fashion common,"-86,920.00",CNY,"-86,920.00",CNY,V4,8000,单号： DGFK-202512250267——A25-116  MLB RED&DOUYIN &双V,,8100112,上海玫有文化传播有限公司,,,,,00058,,,,,,
,,,,,,,,,,,,,,"-326,920.00",CNY,,,,,,,,上海玫有文化传播有限公司,,,,,,,,,,,
,21051109,其他应付款_一般,55210121,K1,3400002554,,1,2025/11/19,2025/11/18,H,31,1000,fashion common,"-58,206.00",CNY,"-58,206.00",CNY,V3,8000,单号： DGFK-202511180184——撤柜_2025年10月_决算,,8100585,上海魅艺建筑装饰工程有限公司,,,,,V0655,,,,,,
,21051109,其他应付款_一般,55210121,K1,3400002561,,1,2025/11/19,2025/11/18,H,31,1000,fashion common,"-13,189.00",CNY,"-13,189.00",CNY,V3,8000,单号： DGFK-202511180190——维修_2025年10月_决算,,8100585,上海魅艺建筑装饰工程有限公司,,,,,V0655,,,,,,
,21051109,其他应付款_一般,55210121,K1,3400002850,,1,2025/12/26,2025/12/17,H,31,1000,fashion common,"-32,155.00",CNY,"-32,155.00",CNY,V3,8000,单号： DGFK-202512170175——F&F_嘉华中心39F样板间_决算,,8100585,上海魅艺建筑装饰工程有限公司,,,,,V0655,,,,,,
,21051109,其他应付款_一般,55210121,K1,3400002858,,1,2025/12/26,2025/12/5,H,31,1000,fashion common,"-184,101.00",CNY,"-184,101.00",CNY,V3,8000,单号： DGFK-202512050062——MK_上海 迪士尼_撤柜&ML_上海 迪士尼_整改_决,,8100585,上海魅艺建筑装饰工程有限公司,,,,,V0655,,,,,,
,21051109,其他应付款_一般,8100585,K1,3400002900,,1,2025/12/29,2025/12/5,H,31,1000,fashion common,"-1,104,497.00",CNY,"-1,104,497.00",CNY,V3,8000,单号： DGFK-202512050068——DX_38F SHOW ROOM_装修决算单【上海魅艺,,8100585,上海魅艺建筑装饰工程有限公司,,,,,V0655,,,,,,
,,,,,,,,,,,,,,"-1,392,148.00",CNY,,,,,,,,上海魅艺建筑装饰工程有限公司,,,,,,,,,,,
,21051109,其他应付款_一般,55210121,K1,3400002722,,1,2025/12/4,2025/12/3,H,31,1000,fashion common,"-190,099.75",CNY,"-190,099.75",CNY,V4,8000,单号： DGFK-202512030045——乙方秒针已按时交付3份月度（7月-9月）DBEI报告和,,8100481,上海秒针网络科技有限公司,,,,,V0554,,,,,,
,,,,,,,,,,,,,,"-190,099.75",CNY,,,,,,,,上海秒针网络科技有限公司,,,,,,,,,,,
,21051109,其他应付款_一般,55210123,K1,3400002926,,1,2025/12/29,2025/12/24,H,31,1000,fashion common,"-4,666.00",CNY,"-4,666.00",CNY,V1,8000,单号： DGFK-202512240261——Adobe全家桶设计软件许可2个 DX设计部1个 DX,,8100055,上海南洋万邦软件技术有限公司,,,,,CU0414,,,,,,
,21051109,其他应付款_一般,55210123,K1,3400002934,,1,2025/12/29,2025/12/22,H,31,1000,fashion common,"-2,333.00",CNY,"-2,333.00",CNY,VZ,8000,单号： DGFK-202512230239——VMD部门申购正版Adobe一套,,8100055,上海南洋万邦软件技术有限公司,,,,,CU0414,,,,,,
,,,,,,,,,,,,,,"-6,999.00",CNY,,,,,,,,上海南洋万邦软件技术有限公司,,,,,,,,,,,
,21051109,其他应付款_一般,55210121,K1,3400002646,,1,2025/11/27,2025/11/17,H,31,1000,fashion common,"-12,423.00",CNY,"-12,423.00",CNY,V8,8000,单号： DGFK-202511170176——附加详细结算单,,8100814,上海倪好晓彧⽂化传播有限公司,,,,,V0883,,,,,,
,,,,,,,,,,,,,,"-12,423.00",CNY,,,,,,,,上海倪好晓彧⽂化传播有限公司,,,,,,,,,,,
,21051109,其他应付款_一般,55170103,K1,3400002890,,1,2025/12/29,2025/12/12,H,31,1000,fashion common,"-70,000.00",CNY,"-70,000.00",CNY,V4,8000,单号： DGFK-202512120134——A25-213 25FW SHOES CAMPAIGN,,8100787,上海朴薪文化传播有限公司,,,,,V0864,,,,,,
,,,,,,,,,,,,,,"-70,000.00",CNY,,,,,,,,上海朴薪文化传播有限公司,,,,,,,,,,,
,21051109,其他应付款_一般,55170103,K1,3400002662,,1,2025/11/27,2025/11/19,H,31,1000,fashion common,"-130,000.00",CNY,"-130,000.00",CNY,V4,8000,单号： DGFK-202511190202——A25-115 PR Agency Fee (incl,,8100111,上海氢度七文化传播有限公司,,,,,00070,,,,,,
,21051109,其他应付款_一般,55170103,K1,3400002865,,1,2025/12/29,2025/12/16,H,31,1000,fashion common,"-105,989.40",CNY,"-105,989.40",CNY,V4,8000,单号： DGFK-202512160168——USE THE BUDGET FROM MARKETI,,8100111,上海氢度七文化传播有限公司,,,,,00070,,,,,,
,21051109,其他应付款_一般,55170103,K1,3400002874,,1,2025/12/29,2025/12/23,H,31,1000,fashion common,"-1,165,983.26",CNY,"-1,165,983.26",CNY,V4,8000,单号： DGFK-202512230249——A25-214 PR QUOTATION_MLB 25,,8100111,上海氢度七文化传播有限公司,,,,,00070,,,,,,
,21051109,其他应付款_一般,55170103,K1,3400002875,,1,2025/12/29,2025/12/25,H,31,1000,fashion common,"-1,281,300.78",CNY,"-1,281,300.78",CNY,V4,8000,单号： DGFK-202512250268——A25-216 PR QUOTATION - MLB,,8100111,上海氢度七文化传播有限公司,,,,,00070,,,,,,
,21051109,其他应付款_一般,55170103,K1,3400002877,,1,2025/12/29,2025/12/17,H,31,1000,fashion common,"-258,307.48",CNY,"-258,307.48",CNY,V4,8000,单号： DGFK-202512220197——A25-210 PR QUOTATION - MLB,,8100111,上海氢度七文化传播有限公司,,,,,00070,,,,,,
,21051109,其他应付款_一般,55170103,K1,3400002880,,1,2025/12/29,2025/12/22,H,31,1000,fashion common,"-847,999.15",CNY,"-847,999.15",CNY,V4,8000,单号： DGFK-202512220198——A25-211 PR QUOTATION - MLB,,8100111,上海氢度七文化传播有限公司,,,,,00070,,,,,,
,21051109,其他应付款_一般,55170103,K1,3400002883,,1,2025/12/29,2025/12/16,H,31,1000,fashion common,"-130,000.00",CNY,"-130,000.00",CNY,V4,8000,单号： DGFK-202512160163——A25-115 PR Agency Fee (incl,,8100111,上海氢度七文化传播有限公司,,,,,00070,,,,,,
,21051109,其他应付款_一般,55170103,K1,3400002920,,1,2025/12/29,2025/12/1,H,31,1000,fashion common,"-211,914.67",CNY,"-211,914.67",CNY,V4,8000,单号： DGFK-202512010023——A25-213 PR QUOTATION_MLB 25,,8100111,上海氢度七文化传播有限公司,,,,,00070,,,,,,
,21051109,其他应付款_一般,55170103,K1,3400002927,,1,2025/12/29,2025/12/1,H,31,1000,fashion common,"-688,896.12",CNY,"-688,896.12",CNY,V4,8000,单号： DGFK-202512010005—— A25-213 PR QUOTATION_MLB 2,,8100111,上海氢度七文化传播有限公司,,,,,00070,,,,,,
,,,,,,,,,,,,,,"-4,820,390.86",CNY,,,,,,,,上海氢度七文化传播有限公司,,,,,,,,,,,
,21051109,其他应付款_一般,55210121,K1,3400002892,,1,2025/12/29,2025/12/24,H,31,1000,fashion common,"-4,900.00",CNY,"-4,900.00",CNY,V8,8000,单号： DGFK-202512240262——2025单点VPN费用,,8100128,上海任凯商务咨询有限公司,,,,,000110,,,,,,
,,,,,,,,,,,,,,"-4,900.00",CNY,,,,,,,,上海任凯商务咨询有限公司,,,,,,,,,,,
,21051109,其他应付款_一般,55210139,K1,3400002708,,1,2025/11/28,2025/11/24,H,31,1000,fashion common,"-2,125,794.38",CNY,"-2,125,794.38",CNY,V3,8000,单号： DGFK-202511240248——Dear All，  附件为荣庆 2025年10月荣庆,,8100647,上海荣庆国际储运有限公司,,,,,V0708,,,,,,
,21051109,其他应付款_一般,55210139,K1,3400002977,,1,2025/12/31,2025/12/15,H,31,1000,fashion common,"-1,625,479.75",CNY,"-1,625,479.75",CNY,V3,8000,单号： DGFK-202512150155——Dear All，  附件为荣庆 2025年11月荣庆,,8100647,上海荣庆国际储运有限公司,,,,,V0708,,,,,,
,,,,,,,,,,,,,,"-3,751,274.13",CNY,,,,,,,,上海荣庆国际储运有限公司,,,,,,,,,,,
,21051109,其他应付款_一般,55210121,K1,3400002648,,1,2025/11/27,2025/11/24,H,31,1000,fashion common,"-71,656.00",CNY,"-71,656.00",CNY,V4,8000,单号： DGFK-202511240245——MLB-10月店铺设计费汇总【圣道】,,8100071,上海圣道装饰设计工程有限公司,,,,,CU0396,,,,,,
,,,,,,,,,,,,,,"-71,656.00",CNY,,,,,,,,上海圣道装饰设计工程有限公司,,,,,,,,,,,
,21051109,其他应付款_一般,8100210,K1,3400002960,,1,2025/12/31,2025/12/15,H,31,1000,fashion common,"-5,000.00",CNY,"-5,000.00",CNY,,8000,单号： DGFK-202512150152——合同中押金费用未申请 补充申请上海世纪汇外立面广告押金,,8100210,上海世纪汇置业有限公司,,,,,CU0384,,,,,,
,,,,,,,,,,,,,,"-5,000.00",CNY,,,,,,,,上海世纪汇置业有限公司,,,,,,,,,,,
,21051109,其他应付款_一般,8100680,K1,3400002972,,1,2025/12/31,2025/12/22,H,31,1000,fashion common,"-86,200.00",CNY,"-86,200.00",CNY,,8000,单号： WJFL-202512220027——Daniel孩子-KANG JUCHAN 2026年2,,8100680,上海市民办中芯学校,,,,,V0750,,,,2026/1/5,7000000000,
,,,,,,,,,,,,,,"-86,200.00",CNY,,,,,,,,上海市民办中芯学校,,,,,,,,,,,
,21051109,其他应付款_一般,55210135,K1,3400002556,,1,2025/11/19,2025/11/17,H,31,1000,fashion common,"-42,288.42",CNY,"-42,288.42",CNY,V4,8000,单号： DGFK-202511170170——MLB、DV 直营门店10月顺丰运费,,8100134,上海顺意丰速运有限公司,,,,,CU0371,,,,,,
,21051109,其他应付款_一般,55210139,K1,3400002695,,1,2025/11/28,2025/11/25,H,31,1000,fashion common,"-3,056,992.14",CNY,"-3,056,992.14",CNY,V4,8000,单号： DGFK-202511250256——Dear All，  附件为顺丰 2025年10月正常,,8100134,上海顺意丰速运有限公司,,,,,CU0371,,,,,,
,21051109,其他应付款_一般,55210139,K1,3400002709,,1,2025/11/28,2025/11/17,H,31,1000,fashion common,"-4,286,496.52",CNY,"-4,286,496.52",CNY,V4,8000,单号： DGFK-202511170162——Dear，All： 附件为顺丰2025年10月快递费用,,8100134,上海顺意丰速运有限公司,,,,,CU0371,,,,,,
,21051109,其他应付款_一般,55210133,K1,3400002787,,1,2025/12/16,2025/12/15,H,31,1000,fashion common,"-11,964.88",CNY,"-11,964.88",CNY,V4,8000,单号： DGFK-202512150146——11月顺丰快递费用,,8100134,上海顺意丰速运有限公司,,,,,CU0371,,,,,,
,21051109,其他应付款_一般,55210135,K1,3400002796,,1,2025/12/17,2025/12/12,H,31,1000,fashion common,"-16,112.77",CNY,"-16,112.77",CNY,V4,8000,单号： DGFK-202512120132——KIDS 11月顺丰快递费,,8100134,上海顺意丰速运有限公司,,,,,CU0371,,,,,,
,21051109,其他应付款_一般,55210135,K1,3400002797,,1,2025/12/17,2025/12/15,H,31,1000,fashion common,"-38,085.88",CNY,"-38,085.88",CNY,V4,8000,单号： DGFK-202512150151—— MLB、DV 直营门店11月顺丰运费,,8100134,上海顺意丰速运有限公司,,,,,CU0371,,,,,,
,21051109,其他应付款_一般,55210135,K1,3400002799,,1,2025/12/17,2025/12/12,H,31,1000,fashion common,"-2,015.44",CNY,"-2,015.44",CNY,V4,8000,单号： DGFK-202512120140——DX直营门店11月顺丰账单,,8100134,上海顺意丰速运有限公司,,,,,CU0371,,,,,,
,21051109,其他应付款_一般,55210135,K1,3400002810,,1,2025/12/19,2025/12/12,H,31,1000,fashion common,"-3,115.70",CNY,"-3,115.70",CNY,V4,8000,单号： DGFK-202512120141——DX直营门店10月顺丰账单,,8100134,上海顺意丰速运有限公司,,,,,CU0371,,,,,,
,21051109,其他应付款_一般,55210139,K1,3400002970,,1,2025/12/31,2025/12/12,H,31,1000,fashion common,"-3,488,746.12",CNY,"-3,488,746.12",CNY,V4,8000,单号： DGFK-202512120133——Dear，All： 附件为顺丰2025年11月快递费用,,8100134,上海顺意丰速运有限公司,,,,,CU0371,,,,,,
,,,,,,,,,,,,,,"-10,945,817.87",CNY,,,,,,,,上海顺意丰速运有限公司,,,,,,,,,,,
,21051109,其他应付款_一般,55170103,K1,3400002538,,1,2025/11/18,2025/11/18,H,31,1000,fashion common,"-64,030.00",CNY,"-64,030.00",CNY,V4,8000,单号： DGFK-202511180189——Y25 品牌客服供应商9月份服务费及license和接,,8100693,上海特朗思大宇宙信息技术服务有限公司,,,,,V0765,,,,,,
,21051109,其他应付款_一般,55170103,K1,3400002842,,1,2025/12/25,2025/12/22,H,31,1000,fashion common,"-64,030.00",CNY,"-64,030.00",CNY,V4,8000,单号： DGFK-202512220200——Y25 品牌客服供应商10月份服务费及license和,,8100693,上海特朗思大宇宙信息技术服务有限公司,,,,,V0765,,,,,,
,,,,,,,,,,,,,,"-128,060.00",CNY,,,,,,,,上海特朗思大宇宙信息技术服务有限公司,,,,,,,,,,,
,21051109,其他应付款_一般,55110103,K1,3400002945,,1,2025/12/30,2025/12/19,H,31,1000,fashion common,"-14,984.00",CNY,"-14,984.00",CNY,V1,8000,单号： DGFK-202512190190——Dear all: 申请部门：KIDS VMD 申请内,,8100036,上海天富模特儿衣架制造有限公司,,,,,CU0316,,,,,,
,21051109,其他应付款_一般,55210131,K1,3400002951,,1,2025/12/31,2025/12/22,H,31,1000,fashion common,"-28,816.80",CNY,"-28,816.80",CNY,V1,8000,单号： DGFK-202512220210——DX 26SS Show Case费用 -  模特衣裤,,8100036,上海天富模特儿衣架制造有限公司,,,,,CU0316,,,,,,
,,,,,,,,,,,,,,"-43,800.80",CNY,,,,,,,,上海天富模特儿衣架制造有限公司,,,,,,,,,,,
,21051109,其他应付款_一般,55210121,K1,3400002680,,1,2025/11/27,2025/11/18,H,31,1000,fashion common,"-10,267.00",CNY,"-10,267.00",CNY,**,8000,单号： DGFK-202511200211——上海西文2025年11月 RFID软件服务费用,,8100341,上海西文服饰有限公司,,,,,V0394,,,,,,
,21051109,其他应付款_一般,55110101,K1,3400002714,,1,2025/12/4,2025/12/1,H,31,1000,fashion common,"-1,200.00",CNY,"-1,200.00",CNY,V1,8000,单号： DGFK-202512010015——2025年11月向供应商-SML采购MLB空白鞋盒贴，,,8100341,上海西文服饰有限公司,,,,,V0394,,,,,,
,21051109,其他应付款_一般,55210121,K1,3400002940,,1,2025/12/30,2025/12/22,H,31,1000,fashion common,"-33,267.00",CNY,"-33,267.00",CNY,**,8000,单号： DGFK-202512220202——上海西文2025年12月 云服务费&RFID软件服务费,,8100341,上海西文服饰有限公司,,,,,V0394,,,,,,
,21051109,其他应付款_一般,55110101,K1,3400002963,,1,2025/12/31,2025/12/23,H,31,1000,fashion common,"-3,800.00",CNY,"-3,800.00",CNY,V1,8000,单号： DGFK-202512230242——2025年12月向供应商-SML采购MLB空白鞋盒贴1,,8100341,上海西文服饰有限公司,,,,,V0394,,,,,,
,,,,,,,,,,,,,,"-48,534.00",CNY,,,,,,,,上海西文服饰有限公司,,,,,,,,,,,
,21051109,其他应付款_一般,55170103,K1,3400002581,,1,2025/11/24,2025/11/17,H,31,1000,fashion common,"-1,085,819.90",CNY,"-1,085,819.90",CNY,V4,8000,单号： DGFK-202511170175——A25-209 25SS T-SHIRT WAVE 3,,8100441,上海新榜信息技术股份有限公司,,,,,V0504,,,,,,
,21051109,其他应付款_一般,55170103,K1,3400002660,,1,2025/11/27,2025/11/19,H,31,1000,fashion common,"-2,214,522.74",CNY,"-2,214,522.74",CNY,V4,8000,单号： DGFK-202511190207——A25-208 25SS T-SHIRT WAVE 1,,8100441,上海新榜信息技术股份有限公司,,,,,V0504,,,,,,
,21051109,其他应付款_一般,55170103,K1,3400002669,,1,2025/11/27,2025/11/21,H,31,1000,fashion common,"-572,400.00",CNY,"-572,400.00",CNY,V4,8000,单号： DGFK-202511210231——A25-117 MLB  INFLUENCER 10月,,8100441,上海新榜信息技术股份有限公司,,,,,V0504,,,,,,
,21051109,其他应付款_一般,55170103,K1,3400002878,,1,2025/12/29,2025/12/16,H,31,1000,fashion common,"-1,112,986.01",CNY,"-1,112,986.01",CNY,V4,8000,单号： DGFK-202512190193——A25-213 25FW SHOES CAMPAIGN,,8100441,上海新榜信息技术股份有限公司,,,,,V0504,,,,,,
,21051109,其他应付款_一般,55170103,K1,3400002898,,1,2025/12/29,2025/12/1,H,31,1000,fashion common,"-551,129.62",CNY,"-551,129.62",CNY,V4,8000,单号： DGFK-202512010010——A25-213  25FW SHOES CAMPAIG,,8100441,上海新榜信息技术股份有限公司,,,,,V0504,,,,,,
,21051109,其他应付款_一般,55170103,K1,3400002933,,1,2025/12/29,2025/12/8,H,31,1000,fashion common,"-1,271,114.94",CNY,"-1,271,114.94",CNY,V4,8000,单号： DGFK-202512080086——A25-213 25FW SHOES CAMPAIGN,,8100441,上海新榜信息技术股份有限公司,,,,,V0504,,,,,,
,21051109,其他应付款_一般,55170103,K1,3400002935,,1,2025/12/29,2025/12/8,H,31,1000,fashion common,"-572,400.00",CNY,"-572,400.00",CNY,V4,8000,单号： DGFK-202512080078——A25-117 MLB  INFLUENCER 11月,,8100441,上海新榜信息技术股份有限公司,,,,,V0504,,,,,,
,,,,,,,,,,,,,,"-7,380,373.21",CNY,,,,,,,,上海新榜信息技术股份有限公司,,,,,,,,,,,
,21051109,其他应付款_一般,55170103,K1,3400002902,,1,2025/12/29,2025/12/22,H,31,1000,fashion common,"-285,988.00",CNY,"-285,988.00",CNY,V4,8000,单号： DGFK-202512230236——code: A25-216 25FW DJ +Bean,,8100514,上海摇之光广告传播有限公司,,,,,V0573,,,,,,
,21051109,其他应付款_一般,55170103,K1,3400002903,,1,2025/12/29,2025/12/23,H,31,1000,fashion common,"-91,796.00",CNY,"-91,796.00",CNY,V4,8000,单号： DGFK-202512230244——MLB FW SHOES ADAPTATION FEE,,8100514,上海摇之光广告传播有限公司,,,,,V0573,,,,,,
,21051109,其他应付款_一般,55170103,K1,3400002904,,1,2025/12/29,2025/12/23,H,31,1000,fashion common,"-67,098.00",CNY,"-67,098.00",CNY,V4,8000,单号： DGFK-202512230252—— DISCOVERY Q3 ADAPTATION FE,,8100514,上海摇之光广告传播有限公司,,,,,V0573,,,,,,
,21051109,其他应付款_一般,55170103,K1,3400002943,,1,2025/12/30,2025/12/23,H,31,1000,fashion common,"-11,766.00",CNY,"-11,766.00",CNY,V4,8000,单号： DGFK-202512230248—— MLBKIDS 25SS Q2 ADAPTION F,,8100514,上海摇之光广告传播有限公司,,,,,V0573,,,,,,
,,,,,,,,,,,,,,"-456,648.00",CNY,,,,,,,,上海摇之光广告传播有限公司,,,,,,,,,,,
,21051109,其他应付款_一般,55170103,K1,3400002915,,1,2025/12/29,2025/12/4,H,31,1000,fashion common,"-134,090.00",CNY,"-134,090.00",CNY,V4,8000,单号： DGFK-202512040051——Code：A25-216，25FW BE SHOOTI,,8100764,上海一兹创意策划工作室,,,,,V0832,,,,,,
,21051109,其他应付款_一般,55170103,K1,3400002918,,1,2025/12/29,2025/12/1,H,31,1000,fashion common,"-31,800.00",CNY,"-31,800.00",CNY,V4,8000,单号： DGFK-202512010020——A25-213 25FW SHOES CAMPAIGN,,8100764,上海一兹创意策划工作室,,,,,V0832,,,,,,
,,,,,,,,,,,,,,"-165,890.00",CNY,,,,,,,,上海一兹创意策划工作室,,,,,,,,,,,
,21051109,其他应付款_一般,55240103,K1,3400002969,,1,2025/12/31,2025/12/24,H,31,1000,fashion common,"-7,803.00",CNY,"-7,803.00",CNY,V4,8000,单号： DGFK-202512240258——Dear all: 申请部门：KIDS VMD 申请内,,8100763,上海颐阳广告有限公司,,,,,V0834,,,,,,
,21051109,其他应付款_一般,55240103,K1,3400002980,,1,2025/12/31,2025/12/19,H,31,1000,fashion common,"-488,286.50",CNY,"-488,286.50",CNY,V1,8000,单号： DGFK-202512190192——Dear all: 申请部门：KIDS VMD 申请内,,8100763,上海颐阳广告有限公司,,,,,V0834,,,,,,
,,,,,,,,,,,,,,"-496,089.50",CNY,,,,,,,,上海颐阳广告有限公司,,,,,,,,,,,
,21051109,其他应付款_一般,8100169,K1,3400002725,,1,2025/12/5,2025/12/2,H,31,1000,fashion common,"-12,632.00",CNY,"-12,632.00",CNY,,8000,单号： DGFK-202512040059——支付ezr全域会员通差价   本次支付2025年12月,,8100169,上海益氪信息科技有限公司,,,,,CU0401,,,,,,
,,,,,,,,,,,,,,"-12,632.00",CNY,,,,,,,,上海益氪信息科技有限公司,,,,,,,,,,,
,21051109,其他应付款_一般,55170103,K1,3400002663,,1,2025/11/27,2025/11/21,H,31,1000,fashion common,"-71,020.00",CNY,"-71,020.00",CNY,V4,8000,单号： DGFK-202511210235——25-402 KIDS 10月 WECHAT&WEIB,,8100095,上海毅升营销顾问有限公司,,,,,CU0439,,,,,,
,21051109,其他应付款_一般,55170103,K1,3400002876,,1,2025/12/29,2025/12/19,H,31,1000,fashion common,"-42,400.00",CNY,"-42,400.00",CNY,V4,8000,单号： DGFK-202512190194——A25-403 2025 MLBKIDS OA社交平台,,8100095,上海毅升营销顾问有限公司,,,,,CU0439,,,,,,
,21051109,其他应付款_一般,55170103,K1,3400002881,,1,2025/12/29,2025/12/19,H,31,1000,fashion common,"-21,200.00",CNY,"-21,200.00",CNY,V4,8000,单号： DGFK-202512190195——A25-410 MLBKIDS 25Q4 CAMPAI,,8100095,上海毅升营销顾问有限公司,,,,,CU0439,,,,,,
,21051109,其他应付款_一般,55170103,K1,3400002888,,1,2025/12/29,2025/12/24,H,31,1000,fashion common,"-142,040.00",CNY,"-142,040.00",CNY,V4,8000,单号： DGFK-202512240265——25-402 KIDS 11月&12月 WECHAT&,,8100095,上海毅升营销顾问有限公司,,,,,CU0439,,,,,,
,,,,,,,,,,,,,,"-276,660.00",CNY,,,,,,,,上海毅升营销顾问有限公司,,,,,,,,,,,
,21051109,其他应付款_一般,8100642,K1,3400002894,,1,2025/12/29,2025/12/23,H,31,1000,fashion common,"-31,835.65",CNY,"-31,835.65",CNY,,8000,单号： DGFK-202512230243——MK 荟聚1月物业费 推广费 租金 11月租金,,8100642,上海英格卡购物中心有限公司,,,,,V0703,,,,2026/1/9,7000000018,
,,,,,,,,,,,,,,"-31,835.65",CNY,,,,,,,,上海英格卡购物中心有限公司,,,,,,,,,,,
,21051109,其他应付款_一般,8100051,K1,3400002548,,1,2025/11/19,2025/11/17,H,31,1000,fashion common,"-21,472.00",CNY,"-21,472.00",CNY,,8000,单号： DGFK-202511170159——DX MD Nina办公用笔记本电脑联想thinkpa,,8100051,上海羽持信息技术有限公司,,,,,CU0452,,,,,,
,21051109,其他应付款_一般,55110101,K1,3400002601,,1,2025/11/24,2025/11/17,H,31,1000,fashion common,"-1,420.00",CNY,"-1,420.00",CNY,V1,8000,单号： DGFK-202511170169——由于2023年采购的DELL 7440笔记本电池衰减，,,8100051,上海羽持信息技术有限公司,,,,,CU0452,,,,,,
,21051109,其他应付款_一般,8100051,K1,3400002899,,1,2025/12/29,2025/12/22,H,31,1000,fashion common,"-410,655.00",CNY,"-410,655.00",CNY,,8000,单号： DGFK-202512240260——2025Q4办公电脑集采,,8100051,上海羽持信息技术有限公司,,,,,CU0452,,,,,,
,,,,,,,,,,,,,,"-433,547.00",CNY,,,,,,,,上海羽持信息技术有限公司,,,,,,,,,,,
,21051109,其他应付款_一般,8100380,K1,3400002939,,1,2025/12/30,2025/12/5,H,31,1000,fashion common,"-653,851.02",CNY,"-653,851.02",CNY,,8000,单号： DGFK-202512050069—— 2025年09月进口清关和运输费 - 元初,,8100380,上海元初国际物流有限公司,,,,,V0431,,,,,,
,21051109,其他应付款_一般,8100380,K1,3400002941,,1,2025/12/30,2025/12/1,H,31,1000,fashion common,"-1,763,262.03",CNY,"-1,763,262.03",CNY,,8000,单号： DGFK-202512010014——2025年08月进口清关和运输费 - 元初,,8100380,上海元初国际物流有限公司,,,,,V0431,,,,,,
,,,,,,,,,,,,,,"-2,417,113.05",CNY,,,,,,,,上海元初国际物流有限公司,,,,,,,,,,,
,21051109,其他应付款_一般,55210121,K1,3400002651,,1,2025/11/27,2025/11/24,H,31,1000,fashion common,"-164,830.00",CNY,"-164,830.00",CNY,V4,8000,单号： DGFK-202511240246——2025年10月店铺设计费汇总【芸菲】,,8100253,上海芸菲文化传播有限公司,,,,,V0300,,,,,,
,,,,,,,,,,,,,,"-164,830.00",CNY,,,,,,,,上海芸菲文化传播有限公司,,,,,,,,,,,
,21051109,其他应付款_一般,55210121,K1,3400002772,,1,2025/12/11,2025/12/5,H,31,1000,fashion common,"-155,021.00",CNY,"-155,021.00",CNY,**,8000,单号： DGFK-202512050073——嘉华中心办公区域WIFI 2.5改造 改造范围：35F,,8100059,上海长宜信息科技有限公司,,,,,PL015,,,,,,
,,,,,,,,,,,,,,"-155,021.00",CNY,,,,,,,,上海长宜信息科技有限公司,,,,,,,,,,,
,21051109,其他应付款_一般,55210121,K1,3400002763,,1,2025/12/11,2025/12/8,H,31,1000,fashion common,"-68,072.00",CNY,"-68,072.00",CNY,V4,8000,单号： DGFK-202512080090——MLB门店11月保洁费,,8100366,上海至诚环境服务有限公司,,,,,V0413,,,,,,
,,,,,,,,,,,,,,"-68,072.00",CNY,,,,,,,,上海至诚环境服务有限公司,,,,,,,,,,,
,21051109,其他应付款_一般,55210121,K1,3400002861,,1,2025/12/26,2025/12/22,H,31,1000,fashion common,"-9,283.00",CNY,"-9,283.00",CNY,V4,8000,单号： DGFK-202512220221——深圳普洛狮-11月微商城销售分佣,,8000001,深圳市普洛狮贸易有限公司,,,,,D026,,,,2026/1/9,7000000002,
,,,,,,,,,,,,,,"-9,283.00",CNY,,,,,,,,深圳市普洛狮贸易有限公司,,,,,,,,,,,
,21051109,其他应付款_一般,55170103,K1,3400002643,,1,2025/11/27,2025/11/24,H,31,1000,fashion common,"-5,027,210.18",CNY,"-5,027,210.18",CNY,V4,8000,单号： DGFK-202511240239——25FW WJ+WP COMMS code: A25-,,8100348,盛世长城国际广告有限公司上海分公司,,,,,V0400,,,,,,
,21051109,其他应付款_一般,55170103,K1,3400002644,,1,2025/11/27,2025/11/21,H,31,1000,fashion common,"-1,586,519.37",CNY,"-1,586,519.37",CNY,V4,8000,单号： DGFK-202511240238——25FW VINTAGE INNER COMMS co,,8100348,盛世长城国际广告有限公司上海分公司,,,,,V0400,,,,,,
,21051109,其他应付款_一般,55170103,K1,3400002650,,1,2025/11/27,2025/11/24,H,31,1000,fashion common,"-529,356.64",CNY,"-529,356.64",CNY,V4,8000,单号： DGFK-202511240241——25FW WP COMMS code: A25-218,,8100348,盛世长城国际广告有限公司上海分公司,,,,,V0400,,,,,,
,21051109,其他应付款_一般,55170103,K1,3400002866,,1,2025/12/29,2025/12/23,H,31,1000,fashion common,"-2,057,935.03",CNY,"-2,057,935.03",CNY,V4,8000,单号： DGFK-202512230246——A25-112 MLB Q3 SEM,,8100348,盛世长城国际广告有限公司上海分公司,,,,,V0400,,,,,,
,21051109,其他应付款_一般,55170103,K1,3400002869,,1,2025/12/29,2025/12/23,H,31,1000,fashion common,"-1,194,387.87",CNY,"-1,194,387.87",CNY,V4,8000,单号： DGFK-202512230250—— A25-214 FW CAP - MEDIA FEE,,8100348,盛世长城国际广告有限公司上海分公司,,,,,V0400,,,,,,
,21051109,其他应付款_一般,55170103,K1,3400002870,,1,2025/12/29,2025/12/16,H,31,1000,fashion common,"-55,696.20",CNY,"-55,696.20",CNY,V4,8000,单号： DGFK-202512160164—— A25-213 MLB SHOES - 小红书明星品,,8100348,盛世长城国际广告有限公司上海分公司,,,,,V0400,,,,,,
,21051109,其他应付款_一般,55170103,K1,3400002871,,1,2025/12/29,2025/12/9,H,31,1000,fashion common,"-2,630,622.61",CNY,"-2,630,622.61",CNY,V4,8000,单号： DGFK-202512090105——MLBKIDS Q2 CAMPAIGN MEDIA F,,8100348,盛世长城国际广告有限公司上海分公司,,,,,V0400,,,,,,
,21051109,其他应付款_一般,55170103,K1,3400002872,,1,2025/12/29,2025/12/16,H,31,1000,fashion common,"-6,194,128.30",CNY,"-6,194,128.30",CNY,V4,8000,单号： DGFK-202512160165—— DX FALL CAMPAIGN - MEDIA F,,8100348,盛世长城国际广告有限公司上海分公司,,,,,V0400,,,,,,
,21051109,其他应付款_一般,55170103,K1,3400002873,,1,2025/12/29,2025/12/23,H,31,1000,fashion common,"-227,863.65",CNY,"-227,863.65",CNY,V4,8000,单号： DGFK-202512230251——DX Q3 SERVICE FEE,,8100348,盛世长城国际广告有限公司上海分公司,,,,,V0400,,,,,,
,21051109,其他应付款_一般,55170103,K1,3400002905,,1,2025/12/29,2025/12/23,H,31,1000,fashion common,"-246,695.26",CNY,"-246,695.26",CNY,V4,8000,单号： DGFK-202512230247—— A25-113 MLB 7-10月小红书品专,,8100348,盛世长城国际广告有限公司上海分公司,,,,,V0400,,,,,,
,21051109,其他应付款_一般,55170103,K1,3400002906,,1,2025/12/29,2025/12/5,H,31,1000,fashion common,"-797,522.78",CNY,"-797,522.78",CNY,V4,8000,单号： DGFK-202512050074—— A25-107 MEDIA AGENCY FEE,,8100348,盛世长城国际广告有限公司上海分公司,,,,,V0400,,,,,,
,21051109,其他应付款_一般,55170103,K1,3400002907,,1,2025/12/29,2025/12/23,H,31,1000,fashion common,"-9,733,006.97",CNY,"-9,733,006.97",CNY,V4,8000,单号： DGFK-202512230245—— A25-213 SHOES MEDIA FEE,,8100348,盛世长城国际广告有限公司上海分公司,,,,,V0400,,,,,,
,,,,,,,,,,,,,,"-30,280,944.86",CNY,,,,,,,,盛世长城国际广告有限公司上海分公司,,,,,,,,,,,
,21051109,其他应付款_一般,55210121,K1,3400002637,,1,2025/11/24,2025/11/18,H,31,1000,fashion common,"-4,251.00",CNY,"-4,251.00",CNY,V3,8000,单号： DGFK-202511180194——维修_2025年10月_决算,,8100087,天津百和仕展示科技有限公司,,,,,CU0474,,,,,,
,,,,,,,,,,,,,,"-4,251.00",CNY,,,,,,,,天津百和仕展示科技有限公司,,,,,,,,,,,
,21051109,其他应付款_一般,55170103,K1,3400002929,,1,2025/12/29,2025/12/1,H,31,1000,fashion common,"-650,709.44",CNY,"-650,709.44",CNY,V4,8000,单号： DGFK-202512010007——Disocvery 25winter PR传播费用，w,,8100454,桐伴文化传播（上海）有限公司,,,,,V0515,,,,,,
,,,,,,,,,,,,,,"-650,709.44",CNY,,,,,,,,桐伴文化传播（上海）有限公司,,,,,,,,,,,
,21051109,其他应付款_一般,55210121,K1,3400002589,,1,2025/11/24,2025/11/19,H,31,1000,fashion common,"-4,320.00",CNY,"-4,320.00",CNY,V8,8000,单号： DGFK-202511190204——MLB-徐州杉杉9月、10月保洁,,8100685,徐州市邵姐家政有限公司,,,,,V0751,,,,,,
,21051109,其他应付款_一般,55210121,K1,3400002757,,1,2025/12/11,2025/12/3,H,31,1000,fashion common,"-2,016.00",CNY,"-2,016.00",CNY,V8,8000,单号： DGFK-202512030044——MLB-徐州杉杉11月保洁费,,8100685,徐州市邵姐家政有限公司,,,,,V0751,,,,,,
,,,,,,,,,,,,,,"-6,336.00",CNY,,,,,,,,徐州市邵姐家政有限公司,,,,,,,,,,,
,21051109,其他应付款_一般,8100761,K1,3400002738,,1,2025/12/9,2025/12/8,H,31,1000,fashion common,"-132,000.00",CNY,"-132,000.00",CNY,,8000,单号： DGFK-202512080080——《一点知识》学习软件已完成验收，根据各部门使用情况，成,,8100761,一点知识（北京）科技有限公司,,,,,V0831,,,,,,
,,,,,,,,,,,,,,"-132,000.00",CNY,,,,,,,,一点知识（北京）科技有限公司,,,,,,,,,,,
,21051109,其他应付款_一般,55170103,K1,3400002893,,1,2025/12/29,2025/12/12,H,31,1000,fashion common,"-1,712,383.75",CNY,"-1,712,383.75",CNY,V4,8000,单号： DGFK-202512120130——A25-304 Brand campaign in s,,8100760,一鸣惊人文化传播（深圳）有限公司,,,,,V0829,,,,,,
,,,,,,,,,,,,,,"-1,712,383.75",CNY,,,,,,,,一鸣惊人文化传播（深圳）有限公司,,,,,,,,,,,
,21051109,其他应付款_一般,55210121,K1,3400002857,,1,2025/12/26,2025/12/22,H,31,1000,fashion common,-269.00,CNY,-269.00,CNY,V4,8000,单号： DGFK-202512220226——依梵（上海）-11月微商城销售分佣,,8000014,依梵(上海)品牌管理有限公司,,,,,D003,,,,2026/1/9,7000000008,
,,,,,,,,,,,,,,-269.00,CNY,,,,,,,,依梵(上海)品牌管理有限公司,,,,,,,,,,,
,21051109,其他应付款_一般,55210121,K1,3400002910,,1,2025/12/29,2025/12/11,H,31,1000,fashion common,"-99,216.00",CNY,"-99,216.00",CNY,V4,8000,单号： DGFK-202512110120——应DCS业务要求，与Ipsos益普索签署半年框合同，完,,8100733,益普索（中国）咨询有限公司宁波分公司,,,,,V0808,,,,,,
,,,,,,,,,,,,,,"-99,216.00",CNY,,,,,,,,益普索（中国）咨询有限公司宁波分公司,,,,,,,,,,,
,21051109,其他应付款_一般,55110103,K1,3400002953,,1,2025/12/31,2025/12/23,H,31,1000,fashion common,"-1,544.00",CNY,"-1,544.00",CNY,V1,8000,单号： DGFK-202512230235——Dear all，  以上是2025年MLB直营店第四,,8100492,优料坊（三河）模型设计有限公司,,,,,V0564,,,,,,
,21051109,其他应付款_一般,55110103,K1,3400002962,,1,2025/12/31,2025/12/17,H,31,1000,fashion common,"-9,216.00",CNY,"-9,216.00",CNY,V1,8000,单号： DGFK-202512170172——Dear all，  以上是2025年MLB直营店第四,,8100492,优料坊（三河）模型设计有限公司,,,,,V0564,,,,,,
,,,,,,,,,,,,,,"-10,760.00",CNY,,,,,,,,优料坊（三河）模型设计有限公司,,,,,,,,,,,
,21051109,其他应付款_一般,8100644,K1,3400002705,,1,2025/11/28,2025/11/24,H,31,1000,fashion common,"-932,995.54",CNY,"-932,995.54",CNY,,8000,单号： DGFK-202511240247——2025年10月国际物流费用 - EUSU,,8100644,裕秀物流（上海）有限公司,,,,,V0706,,,,,,
,21051109,其他应付款_一般,8100644,K1,3400002942,,1,2025/12/30,2025/12/17,H,31,1000,fashion common,"-51,246.73",CNY,"-51,246.73",CNY,,8000,单号： DGFK-202512170169——2025年11月国际物流费用 - EUSU,,8100644,裕秀物流（上海）有限公司,,,,,V0706,,,,,,
,,,,,,,,,,,,,,"-984,242.27",CNY,,,,,,,,裕秀物流（上海）有限公司,,,,,,,,,,,
,21051109,其他应付款_一般,8100817,K1,3400002946,,1,2025/12/30,2025/12/25,H,31,1000,fashion common,"-14,000.00",CNY,"-14,000.00",CNY,,8000,单号： DGFK-202512250270——徐州杉杉 POP UP 2025年10月28日-202,,8100817,云龙区川禾平面设计工作室（个体工商户）,,,,,V0884,,,,,,
,,,,,,,,,,,,,,"-14,000.00",CNY,,,,,,,,云龙区川禾平面设计工作室（个体工商户）,,,,,,,,,,,
,21051109,其他应付款_一般,8000385,K1,3400002532,,1,2025/11/18,2025/11/17,H,31,1000,fashion common,"-1,000,000.00",CNY,"-1,000,000.00",CNY,,8000,单号： DGFK-202511170164——退还保证金,,8000385,云南恒磐商贸有限公司,,,,,D072,,,,,,
,,,,,,,,,,,,,,"-1,000,000.00",CNY,,,,,,,,云南恒磐商贸有限公司,,,,,,,,,,,
,21051109,其他应付款_一般,55110105,K1,3400002844,,1,2025/12/25,2025/12/22,H,31,1000,fashion common,"-137,323.25",CNY,"-137,323.25",CNY,V1,8000,单号： DGFK-202512220205——11月货仓包材请款,,8100344,云印优供（无锡）包装科技有限公司,,,,,V0393,,,,,,
,,,,,,,,,,,,,,"-137,323.25",CNY,,,,,,,,云印优供（无锡）包装科技有限公司,,,,,,,,,,,
,21051109,其他应付款_一般,55210121,K1,3400002856,,1,2025/12/26,2025/12/22,H,31,1000,fashion common,-75.00,CNY,-75.00,CNY,V4,8000,单号： DGFK-202512220230——长沙珀御-11月微商城销售分佣,,8000181,长沙市珀御商贸有限公司,,,,,D048,,,,2026/1/9,7000000012,
,,,,,,,,,,,,,,-75.00,CNY,,,,,,,,长沙市珀御商贸有限公司,,,,,,,,,,,
,21051109,其他应付款_一般,55210107,K1,3400002908,,1,2025/12/29,2025/12/8,H,31,1000,fashion common,"-59,060.91",CNY,"-59,060.91",CNY,V4,8000,"单号： DGFK-202512090106——Dear leader, KIDS 2025年11月抖",,8100649,浙江博观瑞思科技有限公司,,,,,V0710,,,,,,
,21051109,其他应付款_一般,8000341,SA,1100008724,,2,2025/12/31,2025/12/31,S,21,2100,MLB,500.00,CNY,500.00,CNY,**,8000,MLB抖音鞋服 强制核销-25.11,,8100649,浙江博观瑞思科技有限公司,,,,,V0710,,,,,,
,21051109,其他应付款_一般,55210107,K1,3400002961,,1,2025/12/31,2025/12/12,H,31,1000,fashion common,"-894,771.20",CNY,"-894,771.20",CNY,V4,8000,单号： DGFK-202512120138——MLB抖音鞋服旗舰店 11月 TP服务费 894771,,8100649,浙江博观瑞思科技有限公司,,,,,V0710,,,,,,
,,,,,,,,,,,,,,"-953,332.11",CNY,,,,,,,,浙江博观瑞思科技有限公司,,,,,,,,,,,
,,,,,,,,,,,,,,"-95,204,477.45",CNY,,,,,,,,,,,,,,,,,,,
